# index, node_type, node_subtype, name, _pos
0,PHARYNX,,I1L,"array([-11.44074767, -10.00165623])"
1,PHARYNX,,I1R,"array([-12.19539363, -10.21156192])"
2,PHARYNX,,I2L,"array([-11.31182705,  -9.13559368])"
3,PHARYNX,,I2R,"array([-13.13057984, -10.89412273])"
4,PHARYNX,,I3,"array([-11.82550633,  -8.95718572])"
5,PHARYNX,,I4,"array([-13.15315787,  -9.66213246])"
6,PHARYNX,,I5,"array([-13.24391153,  -8.19878044])"
7,PHARYNX,,I6,"array([-11.52455822,  -7.91544119])"
8,PHARYNX,,M1,"array([-11.96287419,  -8.21261211])"
9,PHARYNX,,M2L,"array([-12.86342935,  -9.28031023])"
10,PHARYNX,,M2R,"array([-14.25384736,  -9.30975748])"
11,PHARYNX,,M3L,"array([-12.72085765,  -9.96430721])"
12,PHARYNX,,M3R,"array([-13.18118251,  -8.91083384])"
13,PHARYNX,,M4,"array([-12.68590923,  -8.53100482])"
14,PHARYNX,,M5,"array([-13.57216464,  -6.53668851])"
15,PHARYNX,,MCL,"array([-10.58923876,  -9.8393429 ])"
16,PHARYNX,,MCR,"array([-10.39106233, -11.10039046])"
17,PHARYNX,,MI,"array([-11.90709719,  -9.54308691])"
18,PHARYNX,,NSML,"array([-12.42323468,  -8.91190907])"
19,PHARYNX,,NSMR,"array([-12.42284262,  -9.39602308])"
20,PHARYNX,,pm1,"array([-11.98879209, -11.64661522])"
21,PHARYNX,,pm2D,"array([-10.8481799,  -6.4193485])"
22,PHARYNX,,pm2VL,"array([-11.80835446,  -6.27895018])"
23,PHARYNX,,pm2VR,"array([-17.10379642,   7.60903258])"
24,PHARYNX,,pm3D,"array([-11.23902469, -12.3246663 ])"
25,PHARYNX,,pm3VL,"array([-10.15518946,  -9.04670075])"
26,PHARYNX,,pm3VR,"array([-12.98004636, -12.09551163])"
27,PHARYNX,,pm4D,"array([-12.60703148, -10.50837702])"
28,PHARYNX,,pm4VL,"array([-11.7100131 , -10.74437491])"
29,PHARYNX,,pm4VR,"array([-14.14133828, -10.33524585])"
30,PHARYNX,,pm5D,"array([-11.23108353,  -8.54119093])"
31,PHARYNX,,pm5VL,"array([-13.89619983,  -8.71523792])"
32,PHARYNX,,pm5VR,"array([-13.7615689 ,  -9.60061294])"
33,PHARYNX,,pm6D,"array([-14.06525909,  -5.3218685 ])"
34,PHARYNX,,pm6VL,"array([-14.67000198,  -6.97899872])"
35,PHARYNX,,pm6VR,"array([-12.69044511,  -4.98699311])"
36,PHARYNX,,pm7D,"array([-15.4196044 ,  -6.01756808])"
37,PHARYNX,,pm7VL,"array([-14.95106978,  -5.00401659])"
38,PHARYNX,,pm7VR,"array([-13.63015259,  -4.47057121])"
39,PHARYNX,,pm8,"array([  8.2139711 , -20.83121316])"
40,PHARYNX,,mc1DL,"array([-10.19722473, -18.57798693])"
41,PHARYNX,,mc1DR,"array([ 21.33744434, -14.8052263 ])"
42,PHARYNX,,mc1V,"array([-5.51279061, 22.93721641])"
43,PHARYNX,,mc2DL,"array([26.7818847 ,  2.06754098])"
44,PHARYNX,,mc2DR,"array([-3.95811823, 17.5879529 ])"
45,PHARYNX,,mc2V,"array([ -9.21642321, -10.90486029])"
46,PHARYNX,,mc3DL,"array([-11.30655443,   5.56336818])"
47,PHARYNX,,mc3DR,"array([-10.7876175 ,   8.32258152])"
48,PHARYNX,,mc3V,"array([  1.372186  , -15.37718178])"
49,PHARYNX,,e2D,"array([22.53142473, -6.32823296])"
50,PHARYNX,,e2VL,"array([ 18.44889299, -14.14363822])"
51,PHARYNX,,e2VR,"array([-13.32503897,   4.10479993])"
52,PHARYNX,,e3D,"array([-10.09157642,  -7.02713404])"
53,PHARYNX,,e3VL,"array([-10.12716817,  -8.06396383])"
54,PHARYNX,,e3VR,"array([-14.33641122, -12.36235201])"
55,PHARYNX,,g1AL,"array([-13.06992913,  -7.33608049])"
56,PHARYNX,,g1AR,"array([-14.20487816,  -7.87730335])"
57,SENSORY NEURONS,,ASIL,"array([3.0399074 , 2.65987388])"
58,SENSORY NEURONS,,ASIR,"array([4.18048913, 3.49543947])"
59,SENSORY NEURONS,,ASJL,"array([4.61676321, 4.7457063 ])"
60,SENSORY NEURONS,,ASJR,"array([4.78174004, 5.6370079 ])"
61,SENSORY NEURONS,,AWAL,"array([3.50006056, 4.45275991])"
62,SENSORY NEURONS,,AWAR,"array([3.88567675, 4.22068841])"
63,SENSORY NEURONS,,ASGL,"array([2.60382835, 3.71298356])"
64,SENSORY NEURONS,,ASGR,"array([3.19427701, 3.82074619])"
65,SENSORY NEURONS,,AWBL,"array([4.54530938, 3.45933817])"
66,SENSORY NEURONS,,AWBR,"array([4.63831847, 3.79116725])"
67,SENSORY NEURONS,,ASEL,"array([3.60599139, 2.92280343])"
68,SENSORY NEURONS,,ASER,"array([3.85089252, 3.82258408])"
69,SENSORY NEURONS,,ADFL,"array([4.04300951, 2.37359187])"
70,SENSORY NEURONS,,ADFR,"array([4.46217383, 2.75297804])"
71,SENSORY NEURONS,,AFDL,"array([2.63940058, 3.23624412])"
72,SENSORY NEURONS,,AFDR,"array([2.8777359 , 4.16694152])"
73,SENSORY NEURONS,,AWCL,"array([3.7278406 , 2.49231467])"
74,SENSORY NEURONS,,AWCR,"array([3.39346935, 2.63208339])"
75,SENSORY NEURONS,,ASKL,"array([3.78069989, 4.9917496 ])"
76,SENSORY NEURONS,,ASKR,"array([4.37905325, 4.47024895])"
77,SENSORY NEURONS,,ASHL,"array([5.39165635, 3.7293199 ])"
78,SENSORY NEURONS,,ASHR,"array([5.63006031, 3.49130245])"
79,SENSORY NEURONS,,ADLL,"array([5.06860373, 3.44619285])"
80,SENSORY NEURONS,,ADLR,"array([5.55518956, 2.79856412])"
81,SENSORY NEURONS,,BAGL,"array([4.64928122, 2.3313979 ])"
82,SENSORY NEURONS,,BAGR,"array([4.35313575, 2.22140194])"
83,SENSORY NEURONS,,URXL,"array([5.37007711, 2.53245185])"
84,SENSORY NEURONS,,URXR,"array([5.53291111, 1.89653106])"
85,SENSORY NEURONS,,ALNL,"array([3.52910508, 0.57751453])"
86,SENSORY NEURONS,,ALNR,"array([6.97147268, 0.46325196])"
87,SENSORY NEURONS,,PLNL,"array([2.219484  , 1.79708326])"
88,SENSORY NEURONS,,PLNR,"array([2.57961021, 0.8726139 ])"
89,SENSORY NEURONS,,SDQL,"array([7.37121931, 1.69555904])"
90,SENSORY NEURONS,,SDQR,"array([7.18761322, 1.22791339])"
91,SENSORY NEURONS,,AQR,"array([5.93089475, 3.5792428 ])"
92,SENSORY NEURONS,,PQR,"array([7.81742515, 4.81752356])"
93,SENSORY NEURONS,,ALML,"array([6.37767014, 2.22041644])"
94,SENSORY NEURONS,,ALMR,"array([7.60432009, 0.77193254])"
95,SENSORY NEURONS,,AVM,"array([8.04497032, 2.84514672])"
96,SENSORY NEURONS,,PVM,"array([8.42163238, 4.28393049])"
97,SENSORY NEURONS,,PLML,"array([ 16.63818538, -19.30786163])"
98,SENSORY NEURONS,,PLMR,"array([-13.29690609,  14.44619135])"
99,SENSORY NEURONS,,FLPL,"array([7.35985231, 2.28189307])"
100,SENSORY NEURONS,,FLPR,"array([7.80367324, 2.40586673])"
101,SENSORY NEURONS,,DVA,"array([6.73104514, 3.29003978])"
102,SENSORY NEURONS,,PVDL,"array([11.89771057,  6.75908459])"
103,SENSORY NEURONS,,PVDR,"array([ 4.63007931, 24.29200111])"
104,SENSORY NEURONS,,ADEL,"array([5.6450014 , 1.10451337])"
105,SENSORY NEURONS,,ADER,"array([6.48071274, 1.3814038 ])"
106,SENSORY NEURONS,,PDEL,"array([8.20864757, 3.74059606])"
107,SENSORY NEURONS,,PDER,"array([8.17110021, 3.30523861])"
108,SENSORY NEURONS,,PHAL,"array([6.45008758, 5.21689659])"
109,SENSORY NEURONS,,PHAR,"array([6.00848347, 5.31712931])"
110,SENSORY NEURONS,,PHBL,"array([7.6042201 , 5.19366248])"
111,SENSORY NEURONS,,PHBR,"array([6.78709893, 5.47760778])"
112,SENSORY NEURONS,,PHCL,"array([6.25431322, 5.74093233])"
113,SENSORY NEURONS,,PHCR,"array([6.33811339, 6.22006919])"
114,SENSORY NEURONS,,IL2DL,"array([ 5.09547608, -0.58218921])"
115,SENSORY NEURONS,,IL2DR,"array([ 4.96311168, -1.60656906])"
116,SENSORY NEURONS,,IL2L,"array([3.95188533, 0.56339651])"
117,SENSORY NEURONS,,IL2R,"array([ 4.88278516, -0.01865473])"
118,SENSORY NEURONS,,IL2VL,"array([3.07362989, 0.55709232])"
119,SENSORY NEURONS,,IL2VR,"array([3.54465189, 0.94773223])"
120,SENSORY NEURONS,,CEPDL,"array([5.22846487, 1.24480207])"
121,SENSORY NEURONS,,CEPDR,"array([6.26644745, 0.03893765])"
122,SENSORY NEURONS,,CEPVL,"array([4.97491417, 0.6290162 ])"
123,SENSORY NEURONS,,CEPVR,"array([4.48492947, 1.47843266])"
124,SENSORY NEURONS,,URYDL,"array([5.34856196, 0.49026798])"
125,SENSORY NEURONS,,URYDR,"array([ 6.45872819, -0.33577326])"
126,SENSORY NEURONS,,URYVL,"array([5.4301977 , 1.59196449])"
127,SENSORY NEURONS,,URYVR,"array([4.92976615, 1.28069271])"
128,SENSORY NEURONS,,OLLL,"array([4.84394908, 0.26838916])"
129,SENSORY NEURONS,,OLLR,"array([5.15528122, 0.27985662])"
130,SENSORY NEURONS,,OLQDL,"array([ 5.81683054, -0.78756072])"
131,SENSORY NEURONS,,OLQDR,"array([ 4.48437683, -0.61435925])"
132,SENSORY NEURONS,,OLQVL,"array([4.17248895, 1.43391672])"
133,SENSORY NEURONS,,OLQVR,"array([3.39766561, 1.28368113])"
134,SENSORY NEURONS,,IL1DL,"array([ 6.11324497, -1.01061233])"
135,SENSORY NEURONS,,IL1DR,"array([ 5.80380924, -1.55291007])"
136,SENSORY NEURONS,,IL1L,"array([ 4.81635218, -0.74042992])"
137,SENSORY NEURONS,,IL1R,"array([ 5.43346684, -0.68689555])"
138,SENSORY NEURONS,,IL1VL,"array([ 3.86942358, -0.5940677 ])"
139,SENSORY NEURONS,,IL1VR,"array([ 3.28879701, -0.23283346])"
140,INTERNEURONS,,AINL,"array([4.31681035, 3.10337473])"
141,INTERNEURONS,,AINR,"array([3.66757506, 3.50464885])"
142,INTERNEURONS,,AIML,"array([5.09877616, 3.84885692])"
143,INTERNEURONS,,AIMR,"array([5.41240644, 3.25670335])"
144,INTERNEURONS,,RIH,"array([4.3120132 , 1.05569834])"
145,INTERNEURONS,,URBL,"array([5.28963313, 0.94070406])"
146,INTERNEURONS,,URBR,"array([6.32492366, 0.75105977])"
147,INTERNEURONS,,RIR,"array([5.10014601, 3.16535187])"
148,INTERNEURONS,,AIYL,"array([3.36444876, 3.25175824])"
149,INTERNEURONS,,AIYR,"array([3.12397917, 2.99831428])"
150,INTERNEURONS,,AIAL,"array([-17.86617257,   4.85893635])"
151,INTERNEURONS,,AIAR,"array([4.2851174 , 3.94979242])"
152,INTERNEURONS,,AUAL,"array([4.75937086, 3.11682556])"
153,INTERNEURONS,,AUAR,"array([4.11399705, 2.73579621])"
154,INTERNEURONS,,AIZL,"array([5.05101246, 2.29340409])"
155,INTERNEURONS,,AIZR,"array([4.75989874, 2.7932528 ])"
156,INTERNEURONS,,RIS,"array([6.30308633, 1.08447114])"
157,INTERNEURONS,,ALA,"array([4.94596461, 4.39204693])"
158,INTERNEURONS,,PVQL,"array([5.73072233, 4.73911644])"
159,INTERNEURONS,,PVQR,"array([6.29978586, 4.27408825])"
160,INTERNEURONS,,ADAL,"array([6.0306663 , 2.45272354])"
161,INTERNEURONS,,ADAR,"array([5.77639844, 2.1514215 ])"
162,INTERNEURONS,,RIFL,"array([6.15142739, 2.97723898])"
163,INTERNEURONS,,RIFR,"array([5.80924184, 3.15795439])"
164,INTERNEURONS,,BDUL,"array([6.47448784, 2.59444603])"
165,INTERNEURONS,,BDUR,"array([7.04464744, 1.94429605])"
166,INTERNEURONS,,PVR,"array([  1.52251583, -18.07387315])"
167,INTERNEURONS,,AVFL,"array([7.0963373, 4.0411108])"
168,INTERNEURONS,,AVFR,"array([6.51483159, 3.46782829])"
169,INTERNEURONS,,AVHL,"array([6.50104252, 2.96044814])"
170,INTERNEURONS,,AVHR,"array([5.98061918, 4.00600589])"
171,INTERNEURONS,,PVPL,"array([6.31157471, 3.83011861])"
172,INTERNEURONS,,PVPR,"array([6.91618168, 3.76584   ])"
173,INTERNEURONS,,LUAL,"array([7.29689054, 4.79010296])"
174,INTERNEURONS,,LUAR,"array([6.90746974, 5.04780358])"
175,INTERNEURONS,,PVNL,"array([7.49873975, 4.43784396])"
176,INTERNEURONS,,PVNR,"array([7.82405404, 4.38158455])"
177,INTERNEURONS,,AVG,"array([7.98743479, 4.11829441])"
178,INTERNEURONS,,DVB,"array([5.80953858, 6.17180045])"
179,INTERNEURONS,,RIBL,"array([4.85593208, 1.99196104])"
180,INTERNEURONS,,RIBR,"array([5.13274577, 1.50791311])"
181,INTERNEURONS,,RIGL,"array([5.22187821, 2.78336276])"
182,INTERNEURONS,,RIGR,"array([5.65702831, 2.48364684])"
183,INTERNEURONS,,RMGL,"array([5.77021431, 1.76996253])"
184,INTERNEURONS,,RMGR,"array([6.08400591, 1.79541667])"
185,INTERNEURONS,,AIBL,"array([4.99989655, 2.56663963])"
186,INTERNEURONS,,AIBR,"array([5.37074619, 2.27647529])"
187,INTERNEURONS,,RICL,"array([5.83455682, 0.87738606])"
188,INTERNEURONS,,RICR,"array([5.98038975, 1.1562911 ])"
189,INTERNEURONS,,SAADL,"array([5.7964702, 1.4506675])"
190,INTERNEURONS,,SAADR,"array([5.51881477, 1.3746967 ])"
191,INTERNEURONS,,SAAVL,"array([4.40422272, 1.86825961])"
192,INTERNEURONS,,SAAVR,"array([6.7289051 , 1.24486213])"
193,INTERNEURONS,,AVKL,"array([6.68783489, 2.30231984])"
194,INTERNEURONS,,AVKR,"array([6.98297242, 1.58020885])"
195,INTERNEURONS,,DVC,"array([5.92766396, 2.74968621])"
196,INTERNEURONS,,AVJL,"array([6.86142119, 3.53411677])"
197,INTERNEURONS,,AVJR,"array([7.14373512, 3.33780989])"
198,INTERNEURONS,,PVT,"array([6.26379476, 3.38149055])"
199,INTERNEURONS,,AVDL,"array([7.52331244, 3.31351519])"
200,INTERNEURONS,,AVDR,"array([7.19763966, 3.65561821])"
201,INTERNEURONS,,AVL,"array([20.2562001 , -8.87373049])"
202,INTERNEURONS,,PVWL,"array([8.43456111, 5.59654827])"
203,INTERNEURONS,,PVWR,"array([7.22840031, 5.71779136])"
204,INTERNEURONS,,RIAL,"array([4.93850757, 1.73292718])"
205,INTERNEURONS,,RIAR,"array([4.77634616, 1.58127566])"
206,INTERNEURONS,,RIML,"array([6.11556582, 1.49351256])"
207,INTERNEURONS,,RIMR,"array([6.37710451, 1.72943418])"
208,INTERNEURONS,,AVEL,"array([6.98443858, 2.3068905 ])"
209,INTERNEURONS,,AVER,"array([6.68247382, 1.91525328])"
210,INTERNEURONS,,RMFL,"array([6.08182354, 2.09305205])"
211,INTERNEURONS,,RMFR,"array([6.67888006, 0.89992338])"
212,INTERNEURONS,,RID,"array([7.53959207, 2.79486894])"
213,INTERNEURONS,,AVBL,"array([6.97894323, 2.88356927])"
214,INTERNEURONS,,AVBR,"array([7.20125544, 2.70075608])"
215,INTERNEURONS,,AVAL,"array([6.92537529, 3.11096469])"
216,INTERNEURONS,,AVAR,"array([7.34511905, 3.09397663])"
217,INTERNEURONS,,PVCL,"array([7.60462559, 3.59655508])"
218,INTERNEURONS,,PVCR,"array([7.75909943, 3.94054313])"
219,INTERNEURONS,,RIPL,"array([4.24238487, 0.58212771])"
220,INTERNEURONS,,RIPR,"array([4.61286628, 0.50362578])"
221,MOTOR NEURONS,HEAD MOTOR NEURONS,URADL,"array([ 5.5487199 , -1.23145968])"
222,MOTOR NEURONS,HEAD MOTOR NEURONS,URADR,"array([ 6.32141764, -1.53267757])"
223,MOTOR NEURONS,HEAD MOTOR NEURONS,URAVL,"array([ 4.27295971, -0.16463124])"
224,MOTOR NEURONS,HEAD MOTOR NEURONS,URAVR,"array([3.71437981, 0.18897724])"
225,MOTOR NEURONS,HEAD MOTOR NEURONS,RMEL,"array([ 4.45689603, -1.66804946])"
226,MOTOR NEURONS,HEAD MOTOR NEURONS,RMER,"array([ 3.96810312, -0.98118205])"
227,MOTOR NEURONS,HEAD MOTOR NEURONS,RMED,"array([ 4.64709905, -0.26571677])"
228,MOTOR NEURONS,HEAD MOTOR NEURONS,RMEV,"array([ 5.44865289, -0.29801734])"
229,MOTOR NEURONS,HEAD MOTOR NEURONS,RMDDL,"array([ 6.00982184, -0.27680472])"
230,MOTOR NEURONS,HEAD MOTOR NEURONS,RMDDR,"array([ 5.74333326, -0.34708153])"
231,MOTOR NEURONS,HEAD MOTOR NEURONS,RMDL,"array([5.59505585, 0.26690422])"
232,MOTOR NEURONS,HEAD MOTOR NEURONS,RMDR,"array([5.50510654, 0.74843682])"
233,MOTOR NEURONS,HEAD MOTOR NEURONS,RMDVL,"array([4.21516964, 0.19869725])"
234,MOTOR NEURONS,HEAD MOTOR NEURONS,RMDVR,"array([ 5.09208194, -0.24158934])"
235,MOTOR NEURONS,HEAD MOTOR NEURONS,RIVL,"array([3.94964485, 0.95531789])"
236,MOTOR NEURONS,HEAD MOTOR NEURONS,RIVR,"array([4.50849093, 0.1739856 ])"
237,MOTOR NEURONS,HEAD MOTOR NEURONS,RMHL,"array([5.85734106, 0.07310667])"
238,MOTOR NEURONS,HEAD MOTOR NEURONS,RMHR,"array([ 5.32771944, -0.00624456])"
239,MOTOR NEURONS,SUBLATERAL MOTOR NEURONS,SABD,"array([6.87905848, 4.50251759])"
240,MOTOR NEURONS,SUBLATERAL MOTOR NEURONS,SABVL,"array([8.22615457, 2.37905339])"
241,MOTOR NEURONS,SUBLATERAL MOTOR NEURONS,SABVR,"array([6.30212681, 4.74734425])"
242,MOTOR NEURONS,SUBLATERAL MOTOR NEURONS,SMDDL,"array([6.07343253, 0.27366087])"
243,MOTOR NEURONS,SUBLATERAL MOTOR NEURONS,SMDDR,"array([4.9615266 , 0.91989197])"
244,MOTOR NEURONS,SUBLATERAL MOTOR NEURONS,SMDVL,"array([4.62349697, 0.81391256])"
245,MOTOR NEURONS,SUBLATERAL MOTOR NEURONS,SMDVR,"array([6.02951769, 0.64207942])"
246,MOTOR NEURONS,SUBLATERAL MOTOR NEURONS,SMBDL,"array([6.40546774, 0.43348175])"
247,MOTOR NEURONS,SUBLATERAL MOTOR NEURONS,SMBDR,"array([5.72677921, 0.54438297])"
248,MOTOR NEURONS,SUBLATERAL MOTOR NEURONS,SMBVL,"array([5.22265168, 1.84759448])"
249,MOTOR NEURONS,SUBLATERAL MOTOR NEURONS,SMBVR,"array([4.64182196, 1.15969401])"
250,MOTOR NEURONS,SUBLATERAL MOTOR NEURONS,SIBDL,"array([3.47299651, 1.98645615])"
251,MOTOR NEURONS,SUBLATERAL MOTOR NEURONS,SIBDR,"array([ 1.74132989, 19.85200322])"
252,MOTOR NEURONS,SUBLATERAL MOTOR NEURONS,SIBVL,"array([7.56817839, 1.2696805 ])"
253,MOTOR NEURONS,SUBLATERAL MOTOR NEURONS,SIBVR,"array([-0.59476026, 21.58884034])"
254,MOTOR NEURONS,SUBLATERAL MOTOR NEURONS,SIADL,"array([7.18560673, 0.82171686])"
255,MOTOR NEURONS,SUBLATERAL MOTOR NEURONS,SIADR,"array([3.94881539, 1.77840943])"
256,MOTOR NEURONS,SUBLATERAL MOTOR NEURONS,SIAVL,"array([ 3.80784148, -0.17922147])"
257,MOTOR NEURONS,SUBLATERAL MOTOR NEURONS,SIAVR,"array([3.7402362 , 1.42318724])"
258,MOTOR NEURONS,VENTRAL CORD MOTOR NEURONS,DA01,"array([8.30382958, 1.16417667])"
259,MOTOR NEURONS,VENTRAL CORD MOTOR NEURONS,DA02,"array([8.63848568, 1.90271965])"
260,MOTOR NEURONS,VENTRAL CORD MOTOR NEURONS,DA03,"array([9.05298768, 2.57191402])"
261,MOTOR NEURONS,VENTRAL CORD MOTOR NEURONS,DA04,"array([9.38520858, 3.6031341 ])"
262,MOTOR NEURONS,VENTRAL CORD MOTOR NEURONS,DA05,"array([8.87059641, 4.45787407])"
263,MOTOR NEURONS,VENTRAL CORD MOTOR NEURONS,DA06,"array([9.17994541, 4.18223958])"
264,MOTOR NEURONS,VENTRAL CORD MOTOR NEURONS,DA07,"array([8.25632793, 5.03738352])"
265,MOTOR NEURONS,VENTRAL CORD MOTOR NEURONS,DA08,"array([7.20733202, 5.29867522])"
266,MOTOR NEURONS,VENTRAL CORD MOTOR NEURONS,DA09,"array([6.85123255, 6.0111991 ])"
267,MOTOR NEURONS,VENTRAL CORD MOTOR NEURONS,PDA,"array([6.26616995, 7.17360953])"
268,MOTOR NEURONS,VENTRAL CORD MOTOR NEURONS,DB01,"array([9.29944845, 1.58388803])"
269,MOTOR NEURONS,VENTRAL CORD MOTOR NEURONS,DB02,"array([9.96523719, 2.72075852])"
270,MOTOR NEURONS,VENTRAL CORD MOTOR NEURONS,DB03,"array([9.05057427, 3.74986815])"
271,MOTOR NEURONS,VENTRAL CORD MOTOR NEURONS,DB04,"array([9.41050746, 4.53140395])"
272,MOTOR NEURONS,VENTRAL CORD MOTOR NEURONS,DB05,"array([ 0.64602742, 24.37753212])"
273,MOTOR NEURONS,VENTRAL CORD MOTOR NEURONS,DB06,"array([  3.98180865, -15.79423739])"
274,MOTOR NEURONS,VENTRAL CORD MOTOR NEURONS,DB07,"array([8.06259673, 5.49019686])"
275,MOTOR NEURONS,VENTRAL CORD MOTOR NEURONS,AS01,"array([8.76387859, 0.64369283])"
276,MOTOR NEURONS,VENTRAL CORD MOTOR NEURONS,AS02,"array([9.34591523, 1.16075203])"
277,MOTOR NEURONS,VENTRAL CORD MOTOR NEURONS,AS03,"array([9.89557082, 1.66341003])"
278,MOTOR NEURONS,VENTRAL CORD MOTOR NEURONS,AS04,"array([9.43873192, 3.09689994])"
279,MOTOR NEURONS,VENTRAL CORD MOTOR NEURONS,AS05,"array([9.18084768, 4.86904423])"
280,MOTOR NEURONS,VENTRAL CORD MOTOR NEURONS,AS06,"array([10.87312409,  4.63825561])"
281,MOTOR NEURONS,VENTRAL CORD MOTOR NEURONS,AS07,"array([-12.11764766,   1.79602845])"
282,MOTOR NEURONS,VENTRAL CORD MOTOR NEURONS,AS08,"array([-8.78811432, 15.96820205])"
283,MOTOR NEURONS,VENTRAL CORD MOTOR NEURONS,AS09,"array([ -1.16423758, -14.71403789])"
284,MOTOR NEURONS,VENTRAL CORD MOTOR NEURONS,AS10,"array([8.42129358, 4.69726282])"
285,MOTOR NEURONS,VENTRAL CORD MOTOR NEURONS,AS11,"array([7.96009312, 5.95402567])"
286,MOTOR NEURONS,VENTRAL CORD MOTOR NEURONS,PDB,"array([5.95930687, 8.31750222])"
287,MOTOR NEURONS,VENTRAL CORD MOTOR NEURONS,DD01,"array([8.8634814 , 1.53830356])"
288,MOTOR NEURONS,VENTRAL CORD MOTOR NEURONS,DD02,"array([9.79512997, 3.29908951])"
289,MOTOR NEURONS,VENTRAL CORD MOTOR NEURONS,DD03,"array([10.29722263,  4.35805429])"
290,MOTOR NEURONS,VENTRAL CORD MOTOR NEURONS,DD04,"array([-8.74745798, 21.49123762])"
291,MOTOR NEURONS,VENTRAL CORD MOTOR NEURONS,DD05,"array([-9.60825974, 10.79136165])"
292,MOTOR NEURONS,VENTRAL CORD MOTOR NEURONS,DD06,"array([6.87291595, 6.69285884])"
293,MOTOR NEURONS,VENTRAL CORD MOTOR NEURONS,VA01,"array([8.33999525, 0.74760289])"
294,MOTOR NEURONS,VENTRAL CORD MOTOR NEURONS,VA02,"array([8.12391768, 1.74893922])"
295,MOTOR NEURONS,VENTRAL CORD MOTOR NEURONS,VA03,"array([9.29221236, 2.24591603])"
296,MOTOR NEURONS,VENTRAL CORD MOTOR NEURONS,VA04,"array([9.05951024, 2.92365539])"
297,MOTOR NEURONS,VENTRAL CORD MOTOR NEURONS,VA05,"array([-5.98263581, 15.23247125])"
298,MOTOR NEURONS,VENTRAL CORD MOTOR NEURONS,VA06,"array([9.59772944, 4.16467951])"
299,MOTOR NEURONS,VENTRAL CORD MOTOR NEURONS,VA07,"array([10.63505464,  5.25558725])"
300,MOTOR NEURONS,VENTRAL CORD MOTOR NEURONS,VA08,"array([9.88293586, 6.30754727])"
301,MOTOR NEURONS,VENTRAL CORD MOTOR NEURONS,VA09,"array([ 2.64477311, 22.38015173])"
302,MOTOR NEURONS,VENTRAL CORD MOTOR NEURONS,VA10,"array([8.71354347, 5.08113247])"
303,MOTOR NEURONS,VENTRAL CORD MOTOR NEURONS,VA11,"array([7.57627727, 6.19056954])"
304,MOTOR NEURONS,VENTRAL CORD MOTOR NEURONS,VA12,"array([7.58919826, 5.6829578 ])"
305,MOTOR NEURONS,VENTRAL CORD MOTOR NEURONS,VB01,"array([7.59309183, 1.93370052])"
306,MOTOR NEURONS,VENTRAL CORD MOTOR NEURONS,VB02,"array([8.6902022, 2.2544718])"
307,MOTOR NEURONS,VENTRAL CORD MOTOR NEURONS,VB03,"array([10.58906255,  2.77757831])"
308,MOTOR NEURONS,VENTRAL CORD MOTOR NEURONS,VB04,"array([10.45518917,  3.93639086])"
309,MOTOR NEURONS,VENTRAL CORD MOTOR NEURONS,VB05,"array([11.63052226,  4.75060214])"
310,MOTOR NEURONS,VENTRAL CORD MOTOR NEURONS,VB06,"array([9.60711045, 5.41711891])"
311,MOTOR NEURONS,VENTRAL CORD MOTOR NEURONS,VB07,"array([9.15940217, 5.79584205])"
312,MOTOR NEURONS,VENTRAL CORD MOTOR NEURONS,VB08,"array([ 11.6662616 , -17.17510628])"
313,MOTOR NEURONS,VENTRAL CORD MOTOR NEURONS,VB09,"array([24.45365606,  0.21430384])"
314,MOTOR NEURONS,VENTRAL CORD MOTOR NEURONS,VB10,"array([7.00766361, 7.40420079])"
315,MOTOR NEURONS,VENTRAL CORD MOTOR NEURONS,VB11,"array([8.40668952, 6.17004166])"
316,MOTOR NEURONS,VENTRAL CORD MOTOR NEURONS,VD01,"array([8.46960318, 1.52043851])"
317,MOTOR NEURONS,VENTRAL CORD MOTOR NEURONS,VD02,"array([8.91450829, 1.11043351])"
318,MOTOR NEURONS,VENTRAL CORD MOTOR NEURONS,VD03,"array([9.81478031, 2.28371379])"
319,MOTOR NEURONS,VENTRAL CORD MOTOR NEURONS,VD04,"array([10.49496824,  3.43825399])"
320,MOTOR NEURONS,VENTRAL CORD MOTOR NEURONS,VD05,"array([9.90031709, 3.75892925])"
321,MOTOR NEURONS,VENTRAL CORD MOTOR NEURONS,VD06,"array([9.92008281, 4.68125491])"
322,MOTOR NEURONS,VENTRAL CORD MOTOR NEURONS,VD07,"array([10.53832228,  5.92910019])"
323,MOTOR NEURONS,VENTRAL CORD MOTOR NEURONS,VD08,"array([ -3.70378552, -13.70700664])"
324,MOTOR NEURONS,VENTRAL CORD MOTOR NEURONS,VD09,"array([ -7.59480121, -20.38464856])"
325,MOTOR NEURONS,VENTRAL CORD MOTOR NEURONS,VD10,"array([ -5.76655624, -15.51441175])"
326,MOTOR NEURONS,VENTRAL CORD MOTOR NEURONS,VD11,"array([7.29020026, 6.51583644])"
327,MOTOR NEURONS,VENTRAL CORD MOTOR NEURONS,VD12,"array([8.39571024, 6.81148952])"
328,MOTOR NEURONS,VENTRAL CORD MOTOR NEURONS,VD13,"array([7.87731821, 6.73968368])"
329,MOTOR NEURONS,BODYWALL MUSCLES,dBWML1,"array([ 6.0739916 , -2.06822615])"
330,MOTOR NEURONS,BODYWALL MUSCLES,dBWML2,"array([ 5.3236507 , -1.88413823])"
331,MOTOR NEURONS,BODYWALL MUSCLES,dBWML3,"array([ 4.7895481 , -2.24375863])"
332,MOTOR NEURONS,BODYWALL MUSCLES,dBWML4,"array([ -5.29792678, -18.64836488])"
333,MOTOR NEURONS,BODYWALL MUSCLES,dBWML5,"array([6.75411329, 0.13170028])"
334,MOTOR NEURONS,BODYWALL MUSCLES,dBWML6,"array([ 7.63471138, -0.68791588])"
335,MOTOR NEURONS,BODYWALL MUSCLES,dBWML7,"array([ 9.37398242, -0.26690012])"
336,MOTOR NEURONS,BODYWALL MUSCLES,dBWMR1,"array([ 6.64222542, -2.05143044])"
337,MOTOR NEURONS,BODYWALL MUSCLES,dBWMR2,"array([ 7.11225629, -1.8652623 ])"
338,MOTOR NEURONS,BODYWALL MUSCLES,dBWMR3,"array([ 5.72929259, -2.30117837])"
339,MOTOR NEURONS,BODYWALL MUSCLES,dBWMR4,"array([ 6.6428187 , -1.19721796])"
340,MOTOR NEURONS,BODYWALL MUSCLES,dBWMR5,"array([ 7.09883903, -1.26411658])"
341,MOTOR NEURONS,BODYWALL MUSCLES,dBWMR6,"array([ 8.11760296, -0.77907398])"
342,MOTOR NEURONS,BODYWALL MUSCLES,dBWMR7,"array([ 8.30704834, -0.31260537])"
343,MOTOR NEURONS,BODYWALL MUSCLES,vBWML1,"array([ 4.04193328, -1.45853939])"
344,MOTOR NEURONS,BODYWALL MUSCLES,vBWML2,"array([ 4.45255083, -1.20463384])"
345,MOTOR NEURONS,BODYWALL MUSCLES,vBWML3,"array([-1.36176231, 18.77474131])"
346,MOTOR NEURONS,BODYWALL MUSCLES,vBWML4,"array([ 5.04202161, -1.17913491])"
347,MOTOR NEURONS,BODYWALL MUSCLES,vBWML5,"array([ 6.76728794, -0.76463301])"
348,MOTOR NEURONS,BODYWALL MUSCLES,vBWML6,"array([ 3.43664228, -1.28827495])"
349,MOTOR NEURONS,BODYWALL MUSCLES,vBWML7,"array([7.40352109, 0.30308138])"
350,MOTOR NEURONS,BODYWALL MUSCLES,vBWMR1,"array([0.72954794, 0.97161972])"
351,MOTOR NEURONS,BODYWALL MUSCLES,vBWMR2,"array([ 2.44031375, -0.12257182])"
352,MOTOR NEURONS,BODYWALL MUSCLES,vBWMR3,"array([ 2.76343096, -0.62276595])"
353,MOTOR NEURONS,BODYWALL MUSCLES,vBWMR4,"array([ 3.3339898 , -0.84438394])"
354,MOTOR NEURONS,BODYWALL MUSCLES,vBWMR5,"array([1.38121656, 0.37413502])"
355,MOTOR NEURONS,BODYWALL MUSCLES,vBWMR6,"array([3.10544911, 0.12551578])"
356,MOTOR NEURONS,BODYWALL MUSCLES,vBWMR7,"array([ 6.97649754, -0.26963242])"
357,MOTOR NEURONS,BODYWALL MUSCLES,dBWML8,"array([25.28646495, -8.12221692])"
358,MOTOR NEURONS,BODYWALL MUSCLES,dBWML9,"array([-2.55886033, 23.61814529])"
359,MOTOR NEURONS,BODYWALL MUSCLES,dBWML10,"array([  2.40211486, -20.74330824])"
360,MOTOR NEURONS,BODYWALL MUSCLES,dBWML11,"array([-6.72056828, 17.82519531])"
361,MOTOR NEURONS,BODYWALL MUSCLES,dBWML12,"array([  6.59760256, -16.0313417 ])"
362,MOTOR NEURONS,BODYWALL MUSCLES,dBWML13,"array([-9.24909355, 18.75536593])"
363,MOTOR NEURONS,BODYWALL MUSCLES,dBWML14,"array([ 10.43866607, -22.46891284])"
364,MOTOR NEURONS,BODYWALL MUSCLES,dBWML15,"array([-3.47103461, 20.58998971])"
365,MOTOR NEURONS,BODYWALL MUSCLES,dBWML16,"array([18.88901588, 17.53401159])"
366,MOTOR NEURONS,BODYWALL MUSCLES,dBWML17,"array([11.99336735, 20.05585841])"
367,MOTOR NEURONS,BODYWALL MUSCLES,dBWML18,"array([ -7.74497866, -17.26848072])"
368,MOTOR NEURONS,BODYWALL MUSCLES,dBWML19,"array([ 5.25183874, 20.97990525])"
369,MOTOR NEURONS,BODYWALL MUSCLES,dBWML20,"array([24.9011423 ,  4.36053526])"
370,MOTOR NEURONS,BODYWALL MUSCLES,dBWML21,"array([-20.43821771,   3.74365673])"
371,MOTOR NEURONS,BODYWALL MUSCLES,dBWML22,"array([6.82344869, 8.48954936])"
372,MOTOR NEURONS,BODYWALL MUSCLES,dBWML23,"array([-10.57882996,  14.01018368])"
373,MOTOR NEURONS,BODYWALL MUSCLES,dBWML24,"array([14.66611323, 21.21270364])"
374,MOTOR NEURONS,BODYWALL MUSCLES,dBWMR8,"array([10.94943336,  0.66999618])"
375,MOTOR NEURONS,BODYWALL MUSCLES,dBWMR9,"array([16.14567672, 18.64766452])"
376,MOTOR NEURONS,BODYWALL MUSCLES,dBWMR10,"array([-11.86150435,  19.45393651])"
377,MOTOR NEURONS,BODYWALL MUSCLES,dBWMR11,"array([-15.65968737,   3.0037403 ])"
378,MOTOR NEURONS,BODYWALL MUSCLES,dBWMR12,"array([-17.48995706,  12.16684163])"
379,MOTOR NEURONS,BODYWALL MUSCLES,dBWMR13,"array([  6.90764966, -23.24134789])"
380,MOTOR NEURONS,BODYWALL MUSCLES,dBWMR14,"array([-18.05877914,   2.08348319])"
381,MOTOR NEURONS,BODYWALL MUSCLES,dBWMR15,"array([-14.66227564,   0.61487768])"
382,MOTOR NEURONS,BODYWALL MUSCLES,dBWMR16,"array([ 19.31266049, -17.18682036])"
383,MOTOR NEURONS,BODYWALL MUSCLES,dBWMR17,"array([  4.00730084, -18.46481525])"
384,MOTOR NEURONS,BODYWALL MUSCLES,dBWMR18,"array([  3.65126318, -23.361697  ])"
385,MOTOR NEURONS,BODYWALL MUSCLES,dBWMR19,"array([ -3.34526629, -16.72708901])"
386,MOTOR NEURONS,BODYWALL MUSCLES,dBWMR20,"array([  6.52584679, -18.67294147])"
387,MOTOR NEURONS,BODYWALL MUSCLES,dBWMR21,"array([-14.71776223,  12.10575181])"
388,MOTOR NEURONS,BODYWALL MUSCLES,dBWMR22,"array([9.10548488, 8.6512955 ])"
389,MOTOR NEURONS,BODYWALL MUSCLES,dBWMR23,"array([-11.9734378 ,  11.92178718])"
390,MOTOR NEURONS,BODYWALL MUSCLES,dBWMR24,"array([ 12.05717432, -14.4203546 ])"
391,MOTOR NEURONS,BODYWALL MUSCLES,vBWML8,"array([9.49454351, 0.50693279])"
392,MOTOR NEURONS,BODYWALL MUSCLES,vBWML9,"array([10.12018338,  1.17244974])"
393,MOTOR NEURONS,BODYWALL MUSCLES,vBWML10,"array([10.1320392 ,  3.18877863])"
394,MOTOR NEURONS,BODYWALL MUSCLES,vBWML11,"array([9.50549874, 2.67591705])"
395,MOTOR NEURONS,BODYWALL MUSCLES,vBWML12,"array([ 16.73541149, -16.36992531])"
396,MOTOR NEURONS,BODYWALL MUSCLES,vBWML13,"array([-19.86252264,   6.86020336])"
397,MOTOR NEURONS,BODYWALL MUSCLES,vBWML14,"array([  9.06434306, -18.19644375])"
398,MOTOR NEURONS,BODYWALL MUSCLES,vBWML15,"array([  9.24743696, -15.50736326])"
399,MOTOR NEURONS,BODYWALL MUSCLES,vBWML16,"array([ 13.71772769, -21.04777425])"
400,MOTOR NEURONS,BODYWALL MUSCLES,vBWML17,"array([23.6254766 , -3.30868348])"
401,MOTOR NEURONS,BODYWALL MUSCLES,vBWML18,"array([-19.86378379,  -2.41914889])"
402,MOTOR NEURONS,BODYWALL MUSCLES,vBWML19,"array([7.77615873, 8.88453139])"
403,MOTOR NEURONS,BODYWALL MUSCLES,vBWML20,"array([8.17129879, 7.92859908])"
404,MOTOR NEURONS,BODYWALL MUSCLES,vBWML21,"array([9.25329533, 7.36238447])"
405,MOTOR NEURONS,BODYWALL MUSCLES,vBWML22,"array([5.23735636, 7.16269923])"
406,MOTOR NEURONS,BODYWALL MUSCLES,vBWML23,"array([-17.4088856 ,  -0.47435558])"
407,MOTOR NEURONS,BODYWALL MUSCLES,vBWMR8,"array([7.89496243, 0.3847571 ])"
408,MOTOR NEURONS,BODYWALL MUSCLES,vBWMR9,"array([9.02604822, 1.98643802])"
409,MOTOR NEURONS,BODYWALL MUSCLES,vBWMR10,"array([8.70843996, 3.97557433])"
410,MOTOR NEURONS,BODYWALL MUSCLES,vBWMR11,"array([8.97122072, 3.36108004])"
411,MOTOR NEURONS,BODYWALL MUSCLES,vBWMR12,"array([25.3563422 ,  7.23194874])"
412,MOTOR NEURONS,BODYWALL MUSCLES,vBWMR13,"array([-15.3970884 ,   5.73221742])"
413,MOTOR NEURONS,BODYWALL MUSCLES,vBWMR14,"array([  0.69988277, -23.07663425])"
414,MOTOR NEURONS,BODYWALL MUSCLES,vBWMR15,"array([-8.05010698, 13.1286086 ])"
415,MOTOR NEURONS,BODYWALL MUSCLES,vBWMR16,"array([20.71925688, 15.11362634])"
416,MOTOR NEURONS,BODYWALL MUSCLES,vBWMR17,"array([-6.1818907, 20.2643001])"
417,MOTOR NEURONS,BODYWALL MUSCLES,vBWMR18,"array([ 20.68948055, -11.93711709])"
418,MOTOR NEURONS,BODYWALL MUSCLES,vBWMR19,"array([-13.07708004,   9.72912922])"
419,MOTOR NEURONS,BODYWALL MUSCLES,vBWMR20,"array([8.34938737, 7.33198976])"
420,MOTOR NEURONS,BODYWALL MUSCLES,vBWMR21,"array([7.69067807, 7.65215222])"
421,MOTOR NEURONS,BODYWALL MUSCLES,vBWMR22,"array([ 9.75374437, -1.31571658])"
422,MOTOR NEURONS,BODYWALL MUSCLES,vBWMR23,"array([ 14.38560961, -15.47071204])"
423,MOTOR NEURONS,BODYWALL MUSCLES,vBWMR24,"array([23.8963434 ,  9.90105281])"
424,MOTOR NEURONS,OTHER END ORGANS,CEPshDL,"array([2.57318343, 4.73329293])"
425,MOTOR NEURONS,OTHER END ORGANS,CEPshDR,"array([ 7.44591604, -0.18981567])"
426,MOTOR NEURONS,OTHER END ORGANS,CEPshVL,"array([2.77633028, 2.1882944 ])"
427,MOTOR NEURONS,OTHER END ORGANS,CEPshVR,"array([3.90471471, 3.15338681])"
428,MOTOR NEURONS,OTHER END ORGANS,GLRDL,"array([ 18.00799033, -11.27237024])"
429,MOTOR NEURONS,OTHER END ORGANS,GLRDR,"array([ 7.72416212, -3.59337472])"
430,MOTOR NEURONS,OTHER END ORGANS,GLRL,"array([ -2.12788172, -22.52845835])"
431,MOTOR NEURONS,OTHER END ORGANS,GLRR,"array([ 3.41507577, -4.50404692])"
432,MOTOR NEURONS,OTHER END ORGANS,GLRVL,"array([ 3.25386624, -2.20638726])"
433,MOTOR NEURONS,OTHER END ORGANS,GLRVR,"array([ 1.7819842 , -2.25018276])"
434,MOTOR NEURONS,OTHER END ORGANS,CANL,"array([2.78674992, 7.037464  ])"
435,MOTOR NEURONS,OTHER END ORGANS,CANR,"array([-13.59988322,   7.33448249])"
436,MOTOR NEURONS,OTHER END ORGANS,exc_gl,"array([2.74439589, 1.44967108])"
437,MOTOR NEURONS,OTHER END ORGANS,exc_cell,"array([22.91791421, -9.44050489])"
438,MOTOR NEURONS,OTHER END ORGANS,hmc,"array([ 11.23120549, -19.8214626 ])"
439,MOTOR NEURONS,OTHER END ORGANS,hyp,"array([6.71758407, 4.10569433])"
440,MOTOR NEURONS,OTHER END ORGANS,mu_intL,"array([ 14.0846672 , -18.22699704])"
441,MOTOR NEURONS,OTHER END ORGANS,mu_intR,"array([ 8.43163025, 20.80962965])"
442,MOTOR NEURONS,OTHER END ORGANS,mu_anal,"array([-20.41229318,   0.55837464])"
443,MOTOR NEURONS,OTHER END ORGANS,mu_sph,"array([ 23.56192894, -12.18118015])"
444,SEX-SPECIFIC CELLS,MOTOR NEURONS,HSNL,"array([5.5320341 , 4.17413356])"
445,SEX-SPECIFIC CELLS,MOTOR NEURONS,HSNR,"array([6.56764413, 3.74512614])"
446,SEX-SPECIFIC CELLS,MOTOR NEURONS,VC01,"array([8.65683687, 2.76033793])"
447,SEX-SPECIFIC CELLS,MOTOR NEURONS,VC02,"array([8.57610336, 3.04738472])"
448,SEX-SPECIFIC CELLS,MOTOR NEURONS,VC03,"array([8.59842754, 3.57246543])"
449,SEX-SPECIFIC CELLS,MOTOR NEURONS,VC04,"array([5.6499828 , 5.62288121])"
450,SEX-SPECIFIC CELLS,MOTOR NEURONS,VC05,"array([5.30449584, 5.15496982])"
451,SEX-SPECIFIC CELLS,MOTOR NEURONS,VC06,"array([8.98585855, 6.77251544])"
452,SEX-SPECIFIC CELLS,MUSCLES,um2AL,"array([ -4.88916775, -21.62983834])"
453,SEX-SPECIFIC CELLS,MUSCLES,um2AR,"array([25.85964711, -5.16146549])"
454,SEX-SPECIFIC CELLS,MUSCLES,um1AL,"array([22.70130544, 12.7226825 ])"
455,SEX-SPECIFIC CELLS,MUSCLES,um1AR,"array([-11.45185251,  16.65981464])"
456,SEX-SPECIFIC CELLS,MUSCLES,um1PL,"array([  5.16964849, -21.03281457])"
457,SEX-SPECIFIC CELLS,MUSCLES,um1PR,"array([10.91743298, 22.86228199])"
458,SEX-SPECIFIC CELLS,MUSCLES,um2PL,"array([26.59449501, -1.90472763])"
459,SEX-SPECIFIC CELLS,MUSCLES,um2PR,"array([ -0.92664917, -17.54213748])"
460,SEX-SPECIFIC CELLS,MUSCLES,vm2AL,"array([-14.23262737,  17.11390203])"
461,SEX-SPECIFIC CELLS,MUSCLES,vm2AR,"array([-16.12697107,  14.69443818])"
462,SEX-SPECIFIC CELLS,MUSCLES,vm1AL,"array([-15.70500158,   9.64102885])"
463,SEX-SPECIFIC CELLS,MUSCLES,vm1AR,"array([ 15.6416977 , -13.09058419])"
464,SEX-SPECIFIC CELLS,MUSCLES,vm1PL,"array([ -0.23232003, -20.3096329 ])"
465,SEX-SPECIFIC CELLS,MUSCLES,vm1PR,"array([ 7.59342696, 23.60242496])"
466,SEX-SPECIFIC CELLS,MUSCLES,vm2PL,"array([-18.81771294,   9.7343026 ])"
467,SEX-SPECIFIC CELLS,MUSCLES,vm2PR,"array([ -2.7982681 , -19.63086167])"
