synapse_from,synapse_to,synapse_type,neurotransmitter,receptor,g_max_ns,delay_ms,weight,note
1042538,1141813,chem,other,none,5.00,0.50,5,子图 MD 痛觉 内部化学连接
1042538,1690576,chem,other,none,5.00,0.50,1,子图 MD 痛觉 内部化学连接
1042538,2511238,chem,other,none,5.00,0.50,1,子图 MD 痛觉 内部化学连接
1042538,2881070,chem,other,none,5.00,0.50,15,子图 MD 痛觉 内部化学连接
1042538,4128002,chem,other,none,5.00,0.50,2,子图 MD 痛觉 内部化学连接
1042538,4393350,chem,other,none,5.00,0.50,18,子图 MD 痛觉 内部化学连接
1042538,5108525,chem,other,none,5.00,0.50,1,子图 MD 痛觉 内部化学连接
1042538,6692908,chem,other,none,5.00,0.50,6,子图 MD 痛觉 内部化学连接
1042538,8229118,chem,other,none,5.00,0.50,12,子图 MD 痛觉 内部化学连接
1042538,8412625,chem,other,none,5.00,0.50,9,子图 MD 痛觉 内部化学连接
1042538,8697453,chem,other,none,5.00,0.50,1,子图 MD 痛觉 内部化学连接
1042538,8805777,chem,other,none,5.00,0.50,18,子图 MD 痛觉 内部化学连接
1042538,8821758,chem,other,none,5.00,0.50,12,子图 MD 痛觉 内部化学连接
1042538,9051500,chem,other,none,5.00,0.50,15,子图 MD 痛觉 内部化学连接
1042538,9161929,chem,other,none,5.00,0.50,4,子图 MD 痛觉 内部化学连接
1042538,9241349,chem,other,none,5.00,0.50,6,子图 MD 痛觉 内部化学连接
1042538,9507904,chem,other,none,5.00,0.50,11,子图 MD 痛觉 内部化学连接
1042538,9530532,chem,other,none,5.00,0.50,62,子图 MD 痛觉 内部化学连接
1042538,9621307,chem,other,none,5.00,0.50,10,子图 MD 痛觉 内部化学连接
1042538,9637388,chem,other,none,5.00,0.50,1,子图 MD 痛觉 内部化学连接
1042538,9720614,chem,other,none,5.00,0.50,11,子图 MD 痛觉 内部化学连接
1042538,10079731,chem,other,none,5.00,0.50,8,子图 MD 痛觉 内部化学连接
1042538,10198121,chem,other,none,5.00,0.50,7,子图 MD 痛觉 内部化学连接
1042538,17360254,chem,other,none,5.00,0.50,2,子图 MD 痛觉 内部化学连接
1042538,17654624,chem,other,none,5.00,0.50,8,子图 MD 痛觉 内部化学连接
1141813,1042538,chem,other,none,5.00,0.50,1,子图 MD 痛觉 内部化学连接
1141813,2881070,chem,other,none,5.00,0.50,1,子图 MD 痛觉 内部化学连接
1141813,3862443,chem,other,none,5.00,0.50,1,子图 MD 痛觉 内部化学连接
1141813,4393350,chem,other,none,5.00,0.50,7,子图 MD 痛觉 内部化学连接
1141813,6692908,chem,other,none,5.00,0.50,1,子图 MD 痛觉 内部化学连接
1141813,8229118,chem,other,none,5.00,0.50,1,子图 MD 痛觉 内部化学连接
1141813,9507904,chem,other,none,5.00,0.50,2,子图 MD 痛觉 内部化学连接
1141813,9530532,chem,other,none,5.00,0.50,7,子图 MD 痛觉 内部化学连接
1141813,9637388,chem,other,none,5.00,0.50,2,子图 MD 痛觉 内部化学连接
1141813,11361875,chem,other,none,5.00,0.50,1,子图 MD 痛觉 内部化学连接
1141813,18655517,chem,other,none,5.00,0.50,1,子图 MD 痛觉 内部化学连接
1690576,2619565,chem,other,none,5.00,0.50,2,子图 MD 痛觉 内部化学连接
1690576,3093284,chem,other,none,5.00,0.50,1,子图 MD 痛觉 内部化学连接
1690576,4393350,chem,other,none,5.00,0.50,8,子图 MD 痛觉 内部化学连接
1690576,5691934,chem,other,none,5.00,0.50,1,子图 MD 痛觉 内部化学连接
1690576,5744058,chem,other,none,5.00,0.50,1,子图 MD 痛觉 内部化学连接
1690576,5750884,chem,other,none,5.00,0.50,1,子图 MD 痛觉 内部化学连接
1690576,6723364,chem,other,none,5.00,0.50,3,子图 MD 痛觉 内部化学连接
1690576,10893103,chem,other,none,5.00,0.50,7,子图 MD 痛觉 内部化学连接
1690576,10982951,chem,other,none,5.00,0.50,1,子图 MD 痛觉 内部化学连接
1690576,11263687,chem,other,none,5.00,0.50,12,子图 MD 痛觉 内部化学连接
1690576,11291653,chem,other,none,5.00,0.50,1,子图 MD 痛觉 内部化学连接
1690576,12325227,chem,other,none,5.00,0.50,20,子图 MD 痛觉 内部化学连接
1690576,14338439,chem,other,none,5.00,0.50,12,子图 MD 痛觉 内部化学连接
1690576,16485518,chem,other,none,5.00,0.50,1,子图 MD 痛觉 内部化学连接
1690576,16490014,chem,other,none,5.00,0.50,6,子图 MD 痛觉 内部化学连接
1690576,16541149,chem,other,none,5.00,0.50,4,子图 MD 痛觉 内部化学连接
1690576,16594752,chem,other,none,5.00,0.50,43,子图 MD 痛觉 内部化学连接
1690576,17105977,chem,other,none,5.00,0.50,2,子图 MD 痛觉 内部化学连接
1690576,17108278,chem,other,none,5.00,0.50,3,子图 MD 痛觉 内部化学连接
1690576,17360254,chem,other,none,5.00,0.50,12,子图 MD 痛觉 内部化学连接
1690576,17729410,chem,other,none,5.00,0.50,3,子图 MD 痛觉 内部化学连接
1690576,17729424,chem,other,none,5.00,0.50,3,子图 MD 痛觉 内部化学连接
1690576,20343986,chem,other,none,5.00,0.50,11,子图 MD 痛觉 内部化学连接
1690576,21220994,chem,other,none,5.00,0.50,1,子图 MD 痛觉 内部化学连接
2511238,1141813,chem,other,none,5.00,0.50,2,子图 MD 痛觉 内部化学连接
2511238,2816457,chem,other,none,5.00,0.50,2,子图 MD 痛觉 内部化学连接
2511238,2881070,chem,other,none,5.00,0.50,1,子图 MD 痛觉 内部化学连接
2511238,3862443,chem,other,none,5.00,0.50,5,子图 MD 痛觉 内部化学连接
2511238,4393350,chem,other,none,5.00,0.50,3,子图 MD 痛觉 内部化学连接
2511238,5762666,chem,other,none,5.00,0.50,1,子图 MD 痛觉 内部化学连接
2511238,6692908,chem,other,none,5.00,0.50,3,子图 MD 痛觉 内部化学连接
2511238,8229118,chem,other,none,5.00,0.50,18,子图 MD 痛觉 内部化学连接
2511238,8412625,chem,other,none,5.00,0.50,3,子图 MD 痛觉 内部化学连接
2511238,8697453,chem,other,none,5.00,0.50,11,子图 MD 痛觉 内部化学连接
2511238,8805777,chem,other,none,5.00,0.50,3,子图 MD 痛觉 内部化学连接
2511238,8821758,chem,other,none,5.00,0.50,1,子图 MD 痛觉 内部化学连接
2511238,8939384,chem,other,none,5.00,0.50,2,子图 MD 痛觉 内部化学连接
2511238,8970595,chem,other,none,5.00,0.50,13,子图 MD 痛觉 内部化学连接
2511238,9051500,chem,other,none,5.00,0.50,7,子图 MD 痛觉 内部化学连接
2511238,9161929,chem,other,none,5.00,0.50,8,子图 MD 痛觉 内部化学连接
2511238,9202326,chem,other,none,5.00,0.50,3,子图 MD 痛觉 内部化学连接
2511238,9241349,chem,other,none,5.00,0.50,7,子图 MD 痛觉 内部化学连接
2511238,9422291,chem,other,none,5.00,0.50,3,子图 MD 痛觉 内部化学连接
2511238,9507904,chem,other,none,5.00,0.50,4,子图 MD 痛觉 内部化学连接
2511238,9530532,chem,other,none,5.00,0.50,10,子图 MD 痛觉 内部化学连接
2511238,9621307,chem,other,none,5.00,0.50,4,子图 MD 痛觉 内部化学连接
2511238,9720614,chem,other,none,5.00,0.50,4,子图 MD 痛觉 内部化学连接
2511238,10079731,chem,other,none,5.00,0.50,6,子图 MD 痛觉 内部化学连接
2511238,10198121,chem,other,none,5.00,0.50,2,子图 MD 痛觉 内部化学连接
2511238,10319019,chem,other,none,5.00,0.50,1,子图 MD 痛觉 内部化学连接
2511238,11361875,chem,other,none,5.00,0.50,1,子图 MD 痛觉 内部化学连接
2511238,17360254,chem,other,none,5.00,0.50,1,子图 MD 痛觉 内部化学连接
2511238,17654624,chem,other,none,5.00,0.50,6,子图 MD 痛觉 内部化学连接
2511238,17777259,chem,other,none,5.00,0.50,1,子图 MD 痛觉 内部化学连接
2511238,20443420,chem,other,none,5.00,0.50,6,子图 MD 痛觉 内部化学连接
2511238,20443598,chem,other,none,5.00,0.50,1,子图 MD 痛觉 内部化学连接
2619565,1690576,chem,other,none,5.00,0.50,1,子图 MD 痛觉 内部化学连接
2619565,2816457,chem,other,none,5.00,0.50,1,子图 MD 痛觉 内部化学连接
2619565,4393350,chem,other,none,5.00,0.50,1,子图 MD 痛觉 内部化学连接
2619565,4664256,chem,other,none,5.00,0.50,1,子图 MD 痛觉 内部化学连接
2619565,5691934,chem,other,none,5.00,0.50,4,子图 MD 痛觉 内部化学连接
2619565,6633635,chem,other,none,5.00,0.50,5,子图 MD 痛觉 内部化学连接
2619565,6723364,chem,other,none,5.00,0.50,1,子图 MD 痛觉 内部化学连接
2619565,10893103,chem,other,none,5.00,0.50,2,子图 MD 痛觉 内部化学连接
2619565,10982951,chem,other,none,5.00,0.50,4,子图 MD 痛觉 内部化学连接
2619565,11263687,chem,other,none,5.00,0.50,5,子图 MD 痛觉 内部化学连接
2619565,12273754,chem,other,none,5.00,0.50,1,子图 MD 痛觉 内部化学连接
2619565,12325227,chem,other,none,5.00,0.50,5,子图 MD 痛觉 内部化学连接
2619565,14493841,chem,other,none,5.00,0.50,1,子图 MD 痛觉 内部化学连接
2619565,16490014,chem,other,none,5.00,0.50,2,子图 MD 痛觉 内部化学连接
2619565,16541149,chem,other,none,5.00,0.50,2,子图 MD 痛觉 内部化学连接
2619565,16594752,chem,other,none,5.00,0.50,3,子图 MD 痛觉 内部化学连接
2619565,17105977,chem,other,none,5.00,0.50,4,子图 MD 痛觉 内部化学连接
2619565,17108278,chem,other,none,5.00,0.50,1,子图 MD 痛觉 内部化学连接
2619565,17360254,chem,other,none,5.00,0.50,2,子图 MD 痛觉 内部化学连接
2619565,17729410,chem,other,none,5.00,0.50,1,子图 MD 痛觉 内部化学连接
2619565,20730780,chem,other,none,5.00,0.50,3,子图 MD 痛觉 内部化学连接
2816457,1141813,chem,other,none,5.00,0.50,5,子图 MD 痛觉 内部化学连接
2816457,1690576,chem,other,none,5.00,0.50,1,子图 MD 痛觉 内部化学连接
2816457,2511238,chem,other,none,5.00,0.50,2,子图 MD 痛觉 内部化学连接
2816457,3862443,chem,other,none,5.00,0.50,4,子图 MD 痛觉 内部化学连接
2816457,4393350,chem,other,none,5.00,0.50,5,子图 MD 痛觉 内部化学连接
2816457,4555763,chem,other,none,5.00,0.50,2,子图 MD 痛觉 内部化学连接
2816457,6692908,chem,other,none,5.00,0.50,1,子图 MD 痛觉 内部化学连接
2816457,8229118,chem,other,none,5.00,0.50,6,子图 MD 痛觉 内部化学连接
2816457,8697453,chem,other,none,5.00,0.50,6,子图 MD 痛觉 内部化学连接
2816457,8970595,chem,other,none,5.00,0.50,3,子图 MD 痛觉 内部化学连接
2816457,9051500,chem,other,none,5.00,0.50,3,子图 MD 痛觉 内部化学连接
2816457,9161929,chem,other,none,5.00,0.50,3,子图 MD 痛觉 内部化学连接
2816457,9202326,chem,other,none,5.00,0.50,1,子图 MD 痛觉 内部化学连接
2816457,9241349,chem,other,none,5.00,0.50,2,子图 MD 痛觉 内部化学连接
2816457,9530532,chem,other,none,5.00,0.50,5,子图 MD 痛觉 内部化学连接
2816457,9621307,chem,other,none,5.00,0.50,5,子图 MD 痛觉 内部化学连接
2816457,9720614,chem,other,none,5.00,0.50,4,子图 MD 痛觉 内部化学连接
2816457,10079731,chem,other,none,5.00,0.50,4,子图 MD 痛觉 内部化学连接
2816457,10198121,chem,other,none,5.00,0.50,1,子图 MD 痛觉 内部化学连接
2816457,17360254,chem,other,none,5.00,0.50,1,子图 MD 痛觉 内部化学连接
2816457,17654624,chem,other,none,5.00,0.50,4,子图 MD 痛觉 内部化学连接
2816457,20443420,chem,other,none,5.00,0.50,2,子图 MD 痛觉 内部化学连接
2881070,1042538,chem,other,none,5.00,0.50,12,子图 MD 痛觉 内部化学连接
2881070,1141813,chem,other,none,5.00,0.50,3,子图 MD 痛觉 内部化学连接
2881070,2511238,chem,other,none,5.00,0.50,1,子图 MD 痛觉 内部化学连接
2881070,2816457,chem,other,none,5.00,0.50,2,子图 MD 痛觉 内部化学连接
2881070,3862443,chem,other,none,5.00,0.50,1,子图 MD 痛觉 内部化学连接
2881070,4128002,chem,other,none,5.00,0.50,1,子图 MD 痛觉 内部化学连接
2881070,4393350,chem,other,none,5.00,0.50,3,子图 MD 痛觉 内部化学连接
2881070,6692908,chem,other,none,5.00,0.50,3,子图 MD 痛觉 内部化学连接
2881070,8229118,chem,other,none,5.00,0.50,2,子图 MD 痛觉 内部化学连接
2881070,8412625,chem,other,none,5.00,0.50,2,子图 MD 痛觉 内部化学连接
2881070,8697453,chem,other,none,5.00,0.50,4,子图 MD 痛觉 内部化学连接
2881070,8970595,chem,other,none,5.00,0.50,2,子图 MD 痛觉 内部化学连接
2881070,9202326,chem,other,none,5.00,0.50,1,子图 MD 痛觉 内部化学连接
2881070,9241349,chem,other,none,5.00,0.50,2,子图 MD 痛觉 内部化学连接
2881070,9422291,chem,other,none,5.00,0.50,1,子图 MD 痛觉 内部化学连接
2881070,9530532,chem,other,none,5.00,0.50,1,子图 MD 痛觉 内部化学连接
2881070,9621307,chem,other,none,5.00,0.50,3,子图 MD 痛觉 内部化学连接
2881070,9637388,chem,other,none,5.00,0.50,6,子图 MD 痛觉 内部化学连接
2881070,9720614,chem,other,none,5.00,0.50,2,子图 MD 痛觉 内部化学连接
2881070,10319019,chem,other,none,5.00,0.50,2,子图 MD 痛觉 内部化学连接
2881070,17326218,chem,other,none,5.00,0.50,3,子图 MD 痛觉 内部化学连接
2881070,17777259,chem,other,none,5.00,0.50,9,子图 MD 痛觉 内部化学连接
2881070,18655517,chem,other,none,5.00,0.50,1,子图 MD 痛觉 内部化学连接
3093284,1690576,chem,other,none,5.00,0.50,2,子图 MD 痛觉 内部化学连接
3093284,2619565,chem,other,none,5.00,0.50,1,子图 MD 痛觉 内部化学连接
3093284,4664256,chem,other,none,5.00,0.50,1,子图 MD 痛觉 内部化学连接
3093284,5691934,chem,other,none,5.00,0.50,6,子图 MD 痛觉 内部化学连接
3093284,5744058,chem,other,none,5.00,0.50,4,子图 MD 痛觉 内部化学连接
3093284,5750884,chem,other,none,5.00,0.50,5,子图 MD 痛觉 内部化学连接
3093284,6723364,chem,other,none,5.00,0.50,6,子图 MD 痛觉 内部化学连接
3093284,10893103,chem,other,none,5.00,0.50,5,子图 MD 痛觉 内部化学连接
3093284,11263687,chem,other,none,5.00,0.50,4,子图 MD 痛觉 内部化学连接
3093284,12195879,chem,other,none,5.00,0.50,1,子图 MD 痛觉 内部化学连接
3093284,16356967,chem,other,none,5.00,0.50,2,子图 MD 痛觉 内部化学连接
3093284,16485518,chem,other,none,5.00,0.50,3,子图 MD 痛觉 内部化学连接
3093284,16490014,chem,other,none,5.00,0.50,1,子图 MD 痛觉 内部化学连接
3093284,16541149,chem,other,none,5.00,0.50,4,子图 MD 痛觉 内部化学连接
3093284,16594752,chem,other,none,5.00,0.50,3,子图 MD 痛觉 内部化学连接
3093284,17105977,chem,other,none,5.00,0.50,6,子图 MD 痛觉 内部化学连接
3093284,17108278,chem,other,none,5.00,0.50,7,子图 MD 痛觉 内部化学连接
3093284,17165621,chem,other,none,5.00,0.50,3,子图 MD 痛觉 内部化学连接
3093284,17729424,chem,other,none,5.00,0.50,2,子图 MD 痛觉 内部化学连接
3093284,18058644,chem,other,none,5.00,0.50,1,子图 MD 痛觉 内部化学连接
3093284,20343986,chem,other,none,5.00,0.50,1,子图 MD 痛觉 内部化学连接
3093284,20730780,chem,other,none,5.00,0.50,3,子图 MD 痛觉 内部化学连接
3093284,21220994,chem,other,none,5.00,0.50,2,子图 MD 痛觉 内部化学连接
3862443,2511238,chem,other,none,5.00,0.50,1,子图 MD 痛觉 内部化学连接
3862443,5691934,chem,other,none,5.00,0.50,4,子图 MD 痛觉 内部化学连接
3862443,7719118,chem,other,none,5.00,0.50,4,子图 MD 痛觉 内部化学连接
3862443,8412625,chem,other,none,5.00,0.50,1,子图 MD 痛觉 内部化学连接
3862443,8939384,chem,other,none,5.00,0.50,2,子图 MD 痛觉 内部化学连接
3862443,11037238,chem,other,none,5.00,0.50,4,子图 MD 痛觉 内部化学连接
3862443,17729088,chem,other,none,5.00,0.50,1,子图 MD 痛觉 内部化学连接
3862443,20443420,chem,other,none,5.00,0.50,1,子图 MD 痛觉 内部化学连接
4128002,5744058,chem,other,none,5.00,0.50,1,子图 MD 痛觉 内部化学连接
4206755,11361875,chem,other,none,5.00,0.50,1,子图 MD 痛觉 内部化学连接
4206755,16347283,chem,other,none,5.00,0.50,2,子图 MD 痛觉 内部化学连接
4206755,17173922,chem,other,none,5.00,0.50,2,子图 MD 痛觉 内部化学连接
4206755,17854345,chem,other,none,5.00,0.50,3,子图 MD 痛觉 内部化学连接
4206755,17913199,chem,other,none,5.00,0.50,2,子图 MD 痛觉 内部化学连接
4393350,1042538,chem,other,none,5.00,0.50,1,子图 MD 痛觉 内部化学连接
4393350,1141813,chem,other,none,5.00,0.50,4,子图 MD 痛觉 内部化学连接
4393350,1690576,chem,other,none,5.00,0.50,1,子图 MD 痛觉 内部化学连接
4393350,2816457,chem,other,none,5.00,0.50,1,子图 MD 痛觉 内部化学连接
4393350,2881070,chem,other,none,5.00,0.50,1,子图 MD 痛觉 内部化学连接
4393350,5691934,chem,other,none,5.00,0.50,2,子图 MD 痛觉 内部化学连接
4393350,5750884,chem,other,none,5.00,0.50,1,子图 MD 痛觉 内部化学连接
4393350,6692908,chem,other,none,5.00,0.50,1,子图 MD 痛觉 内部化学连接
4393350,8805777,chem,other,none,5.00,0.50,8,子图 MD 痛觉 内部化学连接
4393350,8821758,chem,other,none,5.00,0.50,3,子图 MD 痛觉 内部化学连接
4393350,9161929,chem,other,none,5.00,0.50,1,子图 MD 痛觉 内部化学连接
4393350,9507904,chem,other,none,5.00,0.50,1,子图 MD 痛觉 内部化学连接
4393350,9637388,chem,other,none,5.00,0.50,1,子图 MD 痛觉 内部化学连接
4393350,9720614,chem,other,none,5.00,0.50,1,子图 MD 痛觉 内部化学连接
4393350,10982951,chem,other,none,5.00,0.50,3,子图 MD 痛觉 内部化学连接
4393350,11263687,chem,other,none,5.00,0.50,2,子图 MD 痛觉 内部化学连接
4393350,16594752,chem,other,none,5.00,0.50,1,子图 MD 痛觉 内部化学连接
4393350,17105977,chem,other,none,5.00,0.50,3,子图 MD 痛觉 内部化学连接
4393350,17777259,chem,other,none,5.00,0.50,1,子图 MD 痛觉 内部化学连接
4393350,18058644,chem,other,none,5.00,0.50,1,子图 MD 痛觉 内部化学连接
4393350,18655517,chem,other,none,5.00,0.50,3,子图 MD 痛觉 内部化学连接
4393350,18656202,chem,other,none,5.00,0.50,1,子图 MD 痛觉 内部化学连接
4393350,20443420,chem,other,none,5.00,0.50,1,子图 MD 痛觉 内部化学连接
4393350,20730780,chem,other,none,5.00,0.50,2,子图 MD 痛觉 内部化学连接
4393350,21220994,chem,other,none,5.00,0.50,1,子图 MD 痛觉 内部化学连接
4555763,1690576,chem,other,none,5.00,0.50,1,子图 MD 痛觉 内部化学连接
4555763,8970595,chem,other,none,5.00,0.50,1,子图 MD 痛觉 内部化学连接
4555763,9051500,chem,other,none,5.00,0.50,3,子图 MD 痛觉 内部化学连接
4555763,9637388,chem,other,none,5.00,0.50,5,子图 MD 痛觉 内部化学连接
4555763,10079731,chem,other,none,5.00,0.50,1,子图 MD 痛觉 内部化学连接
4555763,11361875,chem,other,none,5.00,0.50,1,子图 MD 痛觉 内部化学连接
4555763,17326218,chem,other,none,5.00,0.50,11,子图 MD 痛觉 内部化学连接
4555763,17425996,chem,other,none,5.00,0.50,3,子图 MD 痛觉 内部化学连接
4555763,17777259,chem,other,none,5.00,0.50,6,子图 MD 痛觉 内部化学连接
4555763,18655517,chem,other,none,5.00,0.50,3,子图 MD 痛觉 内部化学连接
4555763,21250110,chem,other,none,5.00,0.50,2,子图 MD 痛觉 内部化学连接
4664256,4664256,chem,other,none,5.00,0.50,1,子图 MD 痛觉 内部化学连接
4664256,5769582,chem,other,none,5.00,0.50,9,子图 MD 痛觉 内部化学连接
4664256,6723364,chem,other,none,5.00,0.50,7,子图 MD 痛觉 内部化学连接
4664256,10319019,chem,other,none,5.00,0.50,4,子图 MD 痛觉 内部化学连接
4664256,11037238,chem,other,none,5.00,0.50,1,子图 MD 痛觉 内部化学连接
4664256,21220994,chem,other,none,5.00,0.50,1,子图 MD 痛觉 内部化学连接
4680995,5762666,chem,other,none,5.00,0.50,5,子图 MD 痛觉 内部化学连接
4680995,5769582,chem,other,none,5.00,0.50,1,子图 MD 痛觉 内部化学连接
4680995,7719118,chem,other,none,5.00,0.50,3,子图 MD 痛觉 内部化学连接
4680995,9637388,chem,other,none,5.00,0.50,2,子图 MD 痛觉 内部化学连接
4680995,9753418,chem,other,none,5.00,0.50,6,子图 MD 痛觉 内部化学连接
4680995,17326218,chem,other,none,5.00,0.50,1,子图 MD 痛觉 内部化学连接
4680995,17425996,chem,other,none,5.00,0.50,4,子图 MD 痛觉 内部化学连接
4680995,17729088,chem,other,none,5.00,0.50,1,子图 MD 痛觉 内部化学连接
4680995,17777259,chem,other,none,5.00,0.50,4,子图 MD 痛觉 内部化学连接
4680995,17806341,chem,other,none,5.00,0.50,9,子图 MD 痛觉 内部化学连接
4680995,18655517,chem,other,none,5.00,0.50,1,子图 MD 痛觉 内部化学连接
5108525,9640873,chem,other,none,5.00,0.50,1,子图 MD 痛觉 内部化学连接
5108525,12667895,chem,other,none,5.00,0.50,1,子图 MD 痛觉 内部化学连接
5108525,14493841,chem,other,none,5.00,0.50,4,子图 MD 痛觉 内部化学连接
5108525,17108278,chem,other,none,5.00,0.50,1,子图 MD 痛觉 内部化学连接
5691934,3862443,chem,other,none,5.00,0.50,6,子图 MD 痛觉 内部化学连接
5691934,5750884,chem,other,none,5.00,0.50,2,子图 MD 痛觉 内部化学连接
5691934,6692908,chem,other,none,5.00,0.50,1,子图 MD 痛觉 内部化学连接
5691934,7719118,chem,other,none,5.00,0.50,10,子图 MD 痛觉 内部化学连接
5691934,8826198,chem,other,none,5.00,0.50,1,子图 MD 痛觉 内部化学连接
5691934,11037238,chem,other,none,5.00,0.50,5,子图 MD 痛觉 内部化学连接
5691934,17360254,chem,other,none,5.00,0.50,1,子图 MD 痛觉 内部化学连接
5744058,4128002,chem,other,none,5.00,0.50,1,子图 MD 痛觉 内部化学连接
5744058,12398622,chem,other,none,5.00,0.50,1,子图 MD 痛觉 内部化学连接
5750884,9422291,chem,other,none,5.00,0.50,3,子图 MD 痛觉 内部化学连接
5750884,11037238,chem,other,none,5.00,0.50,5,子图 MD 痛觉 内部化学连接
5750884,17165621,chem,other,none,5.00,0.50,1,子图 MD 痛觉 内部化学连接
5750884,20443420,chem,other,none,5.00,0.50,6,子图 MD 痛觉 内部化学连接
5762666,3862443,chem,other,none,5.00,0.50,8,子图 MD 痛觉 内部化学连接
5762666,5691934,chem,other,none,5.00,0.50,7,子图 MD 痛觉 内部化学连接
5762666,5750884,chem,other,none,5.00,0.50,8,子图 MD 痛觉 内部化学连接
5762666,5762666,chem,other,none,5.00,0.50,1,子图 MD 痛觉 内部化学连接
5762666,6633635,chem,other,none,5.00,0.50,1,子图 MD 痛觉 内部化学连接
5762666,7719118,chem,other,none,5.00,0.50,4,子图 MD 痛觉 内部化学连接
5762666,8412625,chem,other,none,5.00,0.50,2,子图 MD 痛觉 内部化学连接
5762666,8939384,chem,other,none,5.00,0.50,1,子图 MD 痛觉 内部化学连接
5762666,9202326,chem,other,none,5.00,0.50,8,子图 MD 痛觉 内部化学连接
5762666,9422291,chem,other,none,5.00,0.50,3,子图 MD 痛觉 内部化学连接
5762666,9637388,chem,other,none,5.00,0.50,1,子图 MD 痛觉 内部化学连接
5762666,11037238,chem,other,none,5.00,0.50,5,子图 MD 痛觉 内部化学连接
5762666,11263687,chem,other,none,5.00,0.50,2,子图 MD 痛觉 内部化学连接
5762666,17165621,chem,other,none,5.00,0.50,2,子图 MD 痛觉 内部化学连接
5762666,17729088,chem,other,none,5.00,0.50,2,子图 MD 痛觉 内部化学连接
5762666,17777259,chem,other,none,5.00,0.50,1,子图 MD 痛觉 内部化学连接
5762666,18655517,chem,other,none,5.00,0.50,1,子图 MD 痛觉 内部化学连接
5762666,18656202,chem,other,none,5.00,0.50,1,子图 MD 痛觉 内部化学连接
5762666,20443420,chem,other,none,5.00,0.50,4,子图 MD 痛觉 内部化学连接
5762666,20730780,chem,other,none,5.00,0.50,6,子图 MD 痛觉 内部化学连接
5769582,5691934,chem,other,none,5.00,0.50,2,子图 MD 痛觉 内部化学连接
5769582,8826198,chem,other,none,5.00,0.50,2,子图 MD 痛觉 内部化学连接
5769582,9753418,chem,other,none,5.00,0.50,7,子图 MD 痛觉 内部化学连接
5769582,11003551,chem,other,none,5.00,0.50,1,子图 MD 痛觉 内部化学连接
5769582,15514582,chem,other,none,5.00,0.50,5,子图 MD 痛觉 内部化学连接
5769582,17854345,chem,other,none,5.00,0.50,2,子图 MD 痛觉 内部化学连接
6633635,6633635,chem,other,none,5.00,0.50,1,子图 MD 痛觉 内部化学连接
6633635,9161929,chem,other,none,5.00,0.50,2,子图 MD 痛觉 内部化学连接
6633635,9241349,chem,other,none,5.00,0.50,4,子图 MD 痛觉 内部化学连接
6633635,9507904,chem,other,none,5.00,0.50,1,子图 MD 痛觉 内部化学连接
6633635,9720614,chem,other,none,5.00,0.50,6,子图 MD 痛觉 内部化学连接
6633635,10893103,chem,other,none,5.00,0.50,1,子图 MD 痛觉 内部化学连接
6633635,12325227,chem,other,none,5.00,0.50,1,子图 MD 痛觉 内部化学连接
6633635,14338439,chem,other,none,5.00,0.50,1,子图 MD 痛觉 内部化学连接
6633635,18058644,chem,other,none,5.00,0.50,1,子图 MD 痛觉 内部化学连接
6692908,2881070,chem,other,none,5.00,0.50,3,子图 MD 痛觉 内部化学连接
6692908,3862443,chem,other,none,5.00,0.50,4,子图 MD 痛觉 内部化学连接
6692908,4128002,chem,other,none,5.00,0.50,1,子图 MD 痛觉 内部化学连接
6692908,4393350,chem,other,none,5.00,0.50,3,子图 MD 痛觉 内部化学连接
6692908,5691934,chem,other,none,5.00,0.50,5,子图 MD 痛觉 内部化学连接
6692908,5750884,chem,other,none,5.00,0.50,3,子图 MD 痛觉 内部化学连接
6692908,6633635,chem,other,none,5.00,0.50,1,子图 MD 痛觉 内部化学连接
6692908,8805777,chem,other,none,5.00,0.50,4,子图 MD 痛觉 内部化学连接
6692908,8970595,chem,other,none,5.00,0.50,2,子图 MD 痛觉 内部化学连接
6692908,9051500,chem,other,none,5.00,0.50,1,子图 MD 痛觉 内部化学连接
6692908,9241349,chem,other,none,5.00,0.50,8,子图 MD 痛觉 内部化学连接
6692908,9507904,chem,other,none,5.00,0.50,6,子图 MD 痛觉 内部化学连接
6692908,9530532,chem,other,none,5.00,0.50,9,子图 MD 痛觉 内部化学连接
6692908,9637388,chem,other,none,5.00,0.50,1,子图 MD 痛觉 内部化学连接
6692908,9720614,chem,other,none,5.00,0.50,3,子图 MD 痛觉 内部化学连接
6692908,10893103,chem,other,none,5.00,0.50,1,子图 MD 痛觉 内部化学连接
6692908,14338439,chem,other,none,5.00,0.50,1,子图 MD 痛觉 内部化学连接
6692908,16594752,chem,other,none,5.00,0.50,7,子图 MD 痛觉 内部化学连接
6692908,17654624,chem,other,none,5.00,0.50,1,子图 MD 痛觉 内部化学连接
6692908,17729410,chem,other,none,5.00,0.50,1,子图 MD 痛觉 内部化学连接
6692908,20343986,chem,other,none,5.00,0.50,3,子图 MD 痛觉 内部化学连接
6723364,4664256,chem,other,none,5.00,0.50,17,子图 MD 痛觉 内部化学连接
6723364,6723364,chem,other,none,5.00,0.50,1,子图 MD 痛觉 内部化学连接
6723364,10319019,chem,other,none,5.00,0.50,4,子图 MD 痛觉 内部化学连接
6723364,12325227,chem,other,none,5.00,0.50,1,子图 MD 痛觉 内部化学连接
6723364,16356967,chem,other,none,5.00,0.50,1,子图 MD 痛觉 内部化学连接
6723364,17105977,chem,other,none,5.00,0.50,1,子图 MD 痛觉 内部化学连接
6723364,17108278,chem,other,none,5.00,0.50,5,子图 MD 痛觉 内部化学连接
6723364,17729088,chem,other,none,5.00,0.50,2,子图 MD 痛觉 内部化学连接
7124156,10229852,chem,other,none,5.00,0.50,2,子图 MD 痛觉 内部化学连接
7124156,11003551,chem,other,none,5.00,0.50,4,子图 MD 痛觉 内部化学连接
7124156,13743125,chem,other,none,5.00,0.50,5,子图 MD 痛觉 内部化学连接
7124156,14493841,chem,other,none,5.00,0.50,8,子图 MD 痛觉 内部化学连接
7124156,16561284,chem,other,none,5.00,0.50,2,子图 MD 痛觉 内部化学连接
7719118,3862443,chem,other,none,5.00,0.50,3,子图 MD 痛觉 内部化学连接
7719118,4664256,chem,other,none,5.00,0.50,2,子图 MD 痛觉 内部化学连接
7719118,5769582,chem,other,none,5.00,0.50,1,子图 MD 痛觉 内部化学连接
7719118,9753418,chem,other,none,5.00,0.50,1,子图 MD 痛觉 内部化学连接
7719118,11037238,chem,other,none,5.00,0.50,4,子图 MD 痛觉 内部化学连接
7719118,11291653,chem,other,none,5.00,0.50,1,子图 MD 痛觉 内部化学连接
7719118,16541149,chem,other,none,5.00,0.50,1,子图 MD 痛觉 内部化学连接
8118947,8118947,chem,other,none,5.00,0.50,3,子图 MD 痛觉 内部化学连接
8118947,11003551,chem,other,none,5.00,0.50,1,子图 MD 痛觉 内部化学连接
8229118,2881070,chem,other,none,5.00,0.50,5,子图 MD 痛觉 内部化学连接
8229118,6692908,chem,other,none,5.00,0.50,1,子图 MD 痛觉 内部化学连接
8229118,9202326,chem,other,none,5.00,0.50,1,子图 MD 痛觉 内部化学连接
8229118,9422291,chem,other,none,5.00,0.50,1,子图 MD 痛觉 内部化学连接
8229118,9530532,chem,other,none,5.00,0.50,1,子图 MD 痛觉 内部化学连接
8229118,10982951,chem,other,none,5.00,0.50,1,子图 MD 痛觉 内部化学连接
8229118,16490014,chem,other,none,5.00,0.50,1,子图 MD 痛觉 内部化学连接
8229118,17165621,chem,other,none,5.00,0.50,1,子图 MD 痛觉 内部化学连接
8229118,18655517,chem,other,none,5.00,0.50,4,子图 MD 痛觉 内部化学连接
8229118,20343986,chem,other,none,5.00,0.50,4,子图 MD 痛觉 内部化学连接
8229118,20443420,chem,other,none,5.00,0.50,1,子图 MD 痛觉 内部化学连接
8229118,21220994,chem,other,none,5.00,0.50,1,子图 MD 痛觉 内部化学连接
8412625,3862443,chem,other,none,5.00,0.50,1,子图 MD 痛觉 内部化学连接
8412625,5769582,chem,other,none,5.00,0.50,4,子图 MD 痛觉 内部化学连接
8412625,9720614,chem,other,none,5.00,0.50,1,子图 MD 痛觉 内部化学连接
8412625,11291653,chem,other,none,5.00,0.50,3,子图 MD 痛觉 内部化学连接
8412625,15514582,chem,other,none,5.00,0.50,4,子图 MD 痛觉 内部化学连接
8697453,3862443,chem,other,none,5.00,0.50,11,子图 MD 痛觉 内部化学连接
8697453,5691934,chem,other,none,5.00,0.50,1,子图 MD 痛觉 内部化学连接
8697453,5750884,chem,other,none,5.00,0.50,2,子图 MD 痛觉 内部化学连接
8697453,7719118,chem,other,none,5.00,0.50,1,子图 MD 痛觉 内部化学连接
8697453,8805777,chem,other,none,5.00,0.50,1,子图 MD 痛觉 内部化学连接
8697453,9241349,chem,other,none,5.00,0.50,3,子图 MD 痛觉 内部化学连接
8697453,9422291,chem,other,none,5.00,0.50,1,子图 MD 痛觉 内部化学连接
8697453,9720614,chem,other,none,5.00,0.50,5,子图 MD 痛觉 内部化学连接
8697453,10893103,chem,other,none,5.00,0.50,1,子图 MD 痛觉 内部化学连接
8697453,10982951,chem,other,none,5.00,0.50,1,子图 MD 痛觉 内部化学连接
8697453,12273754,chem,other,none,5.00,0.50,1,子图 MD 痛觉 内部化学连接
8697453,12325227,chem,other,none,5.00,0.50,4,子图 MD 痛觉 内部化学连接
8697453,14338439,chem,other,none,5.00,0.50,1,子图 MD 痛觉 内部化学连接
8697453,17165621,chem,other,none,5.00,0.50,1,子图 MD 痛觉 内部化学连接
8697453,17360254,chem,other,none,5.00,0.50,1,子图 MD 痛觉 内部化学连接
8697453,18058644,chem,other,none,5.00,0.50,2,子图 MD 痛觉 内部化学连接
8697453,18655517,chem,other,none,5.00,0.50,2,子图 MD 痛觉 内部化学连接
8697453,20443420,chem,other,none,5.00,0.50,3,子图 MD 痛觉 内部化学连接
8805777,3862443,chem,other,none,5.00,0.50,4,子图 MD 痛觉 内部化学连接
8805777,6692908,chem,other,none,5.00,0.50,1,子图 MD 痛觉 内部化学连接
8805777,8412625,chem,other,none,5.00,0.50,3,子图 MD 痛觉 内部化学连接
8805777,8939384,chem,other,none,5.00,0.50,1,子图 MD 痛觉 内部化学连接
8805777,8970595,chem,other,none,5.00,0.50,1,子图 MD 痛觉 内部化学连接
8805777,9202326,chem,other,none,5.00,0.50,9,子图 MD 痛觉 内部化学连接
8805777,9241349,chem,other,none,5.00,0.50,1,子图 MD 痛觉 内部化学连接
8805777,9422291,chem,other,none,5.00,0.50,3,子图 MD 痛觉 内部化学连接
8805777,9637388,chem,other,none,5.00,0.50,1,子图 MD 痛觉 内部化学连接
8805777,9720614,chem,other,none,5.00,0.50,2,子图 MD 痛觉 内部化学连接
8805777,10982951,chem,other,none,5.00,0.50,1,子图 MD 痛觉 内部化学连接
8805777,18656202,chem,other,none,5.00,0.50,3,子图 MD 痛觉 内部化学连接
8805777,20443420,chem,other,none,5.00,0.50,2,子图 MD 痛觉 内部化学连接
8821758,1141813,chem,other,none,5.00,0.50,1,子图 MD 痛觉 内部化学连接
8821758,2511238,chem,other,none,5.00,0.50,1,子图 MD 痛觉 内部化学连接
8821758,2881070,chem,other,none,5.00,0.50,1,子图 MD 痛觉 内部化学连接
8821758,3862443,chem,other,none,5.00,0.50,1,子图 MD 痛觉 内部化学连接
8821758,6692908,chem,other,none,5.00,0.50,1,子图 MD 痛觉 内部化学连接
8821758,8805777,chem,other,none,5.00,0.50,3,子图 MD 痛觉 内部化学连接
8821758,8821758,chem,other,none,5.00,0.50,1,子图 MD 痛觉 内部化学连接
8821758,9507904,chem,other,none,5.00,0.50,2,子图 MD 痛觉 内部化学连接
8821758,9530532,chem,other,none,5.00,0.50,5,子图 MD 痛觉 内部化学连接
8821758,9621307,chem,other,none,5.00,0.50,1,子图 MD 痛觉 内部化学连接
8821758,18655517,chem,other,none,5.00,0.50,1,子图 MD 痛觉 内部化学连接
8821758,20443420,chem,other,none,5.00,0.50,2,子图 MD 痛觉 内部化学连接
8826198,4664256,chem,other,none,5.00,0.50,2,子图 MD 痛觉 内部化学连接
8826198,9720614,chem,other,none,5.00,0.50,1,子图 MD 痛觉 内部化学连接
8826198,9753418,chem,other,none,5.00,0.50,1,子图 MD 痛觉 内部化学连接
8826198,13743125,chem,other,none,5.00,0.50,1,子图 MD 痛觉 内部化学连接
8826198,14493841,chem,other,none,5.00,0.50,1,子图 MD 痛觉 内部化学连接
8826198,16347283,chem,other,none,5.00,0.50,1,子图 MD 痛觉 内部化学连接
8826198,17326218,chem,other,none,5.00,0.50,1,子图 MD 痛觉 内部化学连接
8939384,9720614,chem,other,none,5.00,0.50,1,子图 MD 痛觉 内部化学连接
8939384,18058644,chem,other,none,5.00,0.50,7,子图 MD 痛觉 内部化学连接
8970595,2881070,chem,other,none,5.00,0.50,1,子图 MD 痛觉 内部化学连接
8970595,4393350,chem,other,none,5.00,0.50,1,子图 MD 痛觉 内部化学连接
8970595,6692908,chem,other,none,5.00,0.50,2,子图 MD 痛觉 内部化学连接
8970595,8939384,chem,other,none,5.00,0.50,1,子图 MD 痛觉 内部化学连接
8970595,9161929,chem,other,none,5.00,0.50,3,子图 MD 痛觉 内部化学连接
8970595,9507904,chem,other,none,5.00,0.50,1,子图 MD 痛觉 内部化学连接
8970595,11361875,chem,other,none,5.00,0.50,1,子图 MD 痛觉 内部化学连接
8970595,12273754,chem,other,none,5.00,0.50,1,子图 MD 痛觉 内部化学连接
8970595,17654624,chem,other,none,5.00,0.50,2,子图 MD 痛觉 内部化学连接
9051500,16561284,chem,other,none,5.00,0.50,1,子图 MD 痛觉 内部化学连接
9161929,1141813,chem,other,none,5.00,0.50,1,子图 MD 痛觉 内部化学连接
9161929,2881070,chem,other,none,5.00,0.50,1,子图 MD 痛觉 内部化学连接
9161929,4128002,chem,other,none,5.00,0.50,1,子图 MD 痛觉 内部化学连接
9161929,4393350,chem,other,none,5.00,0.50,1,子图 MD 痛觉 内部化学连接
9161929,8939384,chem,other,none,5.00,0.50,1,子图 MD 痛觉 内部化学连接
9161929,9507904,chem,other,none,5.00,0.50,1,子图 MD 痛觉 内部化学连接
9161929,9530532,chem,other,none,5.00,0.50,6,子图 MD 痛觉 内部化学连接
9161929,9621307,chem,other,none,5.00,0.50,2,子图 MD 痛觉 内部化学连接
9202326,5750884,chem,other,none,5.00,0.50,1,子图 MD 痛觉 内部化学连接
9202326,20443420,chem,other,none,5.00,0.50,2,子图 MD 痛觉 内部化学连接
9202326,20730780,chem,other,none,5.00,0.50,7,子图 MD 痛觉 内部化学连接
9241349,6633635,chem,other,none,5.00,0.50,2,子图 MD 痛觉 内部化学连接
9241349,8970595,chem,other,none,5.00,0.50,1,子图 MD 痛觉 内部化学连接
9241349,9720614,chem,other,none,5.00,0.50,3,子图 MD 痛觉 内部化学连接
9241349,10893103,chem,other,none,5.00,0.50,4,子图 MD 痛觉 内部化学连接
9241349,12325227,chem,other,none,5.00,0.50,1,子图 MD 痛觉 内部化学连接
9241349,18058644,chem,other,none,5.00,0.50,1,子图 MD 痛觉 内部化学连接
9241349,20343986,chem,other,none,5.00,0.50,1,子图 MD 痛觉 内部化学连接
9422291,5769582,chem,other,none,5.00,0.50,1,子图 MD 痛觉 内部化学连接
9422291,6692908,chem,other,none,5.00,0.50,2,子图 MD 痛觉 内部化学连接
9422291,8229118,chem,other,none,5.00,0.50,10,子图 MD 痛觉 内部化学连接
9422291,17165621,chem,other,none,5.00,0.50,1,子图 MD 痛觉 内部化学连接
9422291,21220994,chem,other,none,5.00,0.50,4,子图 MD 痛觉 内部化学连接
9507904,11605567,chem,other,none,5.00,0.50,12,子图 MD 痛觉 内部化学连接
9507904,17756162,chem,other,none,5.00,0.50,3,子图 MD 痛觉 内部化学连接
9530532,2881070,chem,other,none,5.00,0.50,8,子图 MD 痛觉 内部化学连接
9530532,4128002,chem,other,none,5.00,0.50,1,子图 MD 痛觉 内部化学连接
9530532,4664256,chem,other,none,5.00,0.50,1,子图 MD 痛觉 内部化学连接
9530532,5744058,chem,other,none,5.00,0.50,5,子图 MD 痛觉 内部化学连接
9530532,8805777,chem,other,none,5.00,0.50,12,子图 MD 痛觉 内部化学连接
9530532,9507904,chem,other,none,5.00,0.50,4,子图 MD 痛觉 内部化学连接
9530532,9621307,chem,other,none,5.00,0.50,3,子图 MD 痛觉 内部化学连接
9530532,14338439,chem,other,none,5.00,0.50,3,子图 MD 痛觉 内部化学连接
9530532,16594752,chem,other,none,5.00,0.50,1,子图 MD 痛觉 内部化学连接
9530532,18655517,chem,other,none,5.00,0.50,1,子图 MD 痛觉 内部化学连接
9530532,20343986,chem,other,none,5.00,0.50,8,子图 MD 痛觉 内部化学连接
9530532,20443598,chem,other,none,5.00,0.50,2,子图 MD 痛觉 内部化学连接
9530532,21220994,chem,other,none,5.00,0.50,1,子图 MD 痛觉 内部化学连接
9621307,7719118,chem,other,none,5.00,0.50,4,子图 MD 痛觉 内部化学连接
9621307,8229118,chem,other,none,5.00,0.50,4,子图 MD 痛觉 内部化学连接
9621307,9202326,chem,other,none,5.00,0.50,1,子图 MD 痛觉 内部化学连接
9621307,9422291,chem,other,none,5.00,0.50,2,子图 MD 痛觉 内部化学连接
9621307,9621307,chem,other,none,5.00,0.50,1,子图 MD 痛觉 内部化学连接
9621307,17165621,chem,other,none,5.00,0.50,1,子图 MD 痛觉 内部化学连接
9621307,17654624,chem,other,none,5.00,0.50,1,子图 MD 痛觉 内部化学连接
9637388,4664256,chem,other,none,5.00,0.50,1,子图 MD 痛觉 内部化学连接
9637388,5750884,chem,other,none,5.00,0.50,2,子图 MD 痛觉 内部化学连接
9637388,5762666,chem,other,none,5.00,0.50,1,子图 MD 痛觉 内部化学连接
9637388,6692908,chem,other,none,5.00,0.50,1,子图 MD 痛觉 内部化学连接
9637388,7719118,chem,other,none,5.00,0.50,5,子图 MD 痛觉 内部化学连接
9637388,8229118,chem,other,none,5.00,0.50,8,子图 MD 痛觉 内部化学连接
9637388,8412625,chem,other,none,5.00,0.50,3,子图 MD 痛觉 内部化学连接
9637388,8697453,chem,other,none,5.00,0.50,1,子图 MD 痛觉 内部化学连接
9637388,9202326,chem,other,none,5.00,0.50,6,子图 MD 痛觉 内部化学连接
9637388,9422291,chem,other,none,5.00,0.50,5,子图 MD 痛觉 内部化学连接
9637388,10982951,chem,other,none,5.00,0.50,1,子图 MD 痛觉 内部化学连接
9637388,11037238,chem,other,none,5.00,0.50,16,子图 MD 痛觉 内部化学连接
9637388,17165621,chem,other,none,5.00,0.50,6,子图 MD 痛觉 内部化学连接
9637388,17360254,chem,other,none,5.00,0.50,1,子图 MD 痛觉 内部化学连接
9637388,17729088,chem,other,none,5.00,0.50,3,子图 MD 痛觉 内部化学连接
9637388,20443420,chem,other,none,5.00,0.50,2,子图 MD 痛觉 内部化学连接
9637388,20730780,chem,other,none,5.00,0.50,3,子图 MD 痛觉 内部化学连接
9637388,21220994,chem,other,none,5.00,0.50,5,子图 MD 痛觉 内部化学连接
9640873,4664256,chem,other,none,5.00,0.50,16,子图 MD 痛觉 内部化学连接
9640873,4680995,chem,other,none,5.00,0.50,7,子图 MD 痛觉 内部化学连接
9640873,5108525,chem,other,none,5.00,0.50,1,子图 MD 痛觉 内部化学连接
9640873,5762666,chem,other,none,5.00,0.50,8,子图 MD 痛觉 内部化学连接
9640873,5769582,chem,other,none,5.00,0.50,8,子图 MD 痛觉 内部化学连接
9640873,11037238,chem,other,none,5.00,0.50,2,子图 MD 痛觉 内部化学连接
9640873,12667895,chem,other,none,5.00,0.50,31,子图 MD 痛觉 内部化学连接
9640873,14493841,chem,other,none,5.00,0.50,2,子图 MD 痛觉 内部化学连接
9640873,15514582,chem,other,none,5.00,0.50,1,子图 MD 痛觉 内部化学连接
9640873,17105977,chem,other,none,5.00,0.50,1,子图 MD 痛觉 内部化学连接
9640873,17360254,chem,other,none,5.00,0.50,1,子图 MD 痛觉 内部化学连接
9640873,17729088,chem,other,none,5.00,0.50,20,子图 MD 痛觉 内部化学连接
9640873,18656202,chem,other,none,5.00,0.50,5,子图 MD 痛觉 内部化学连接
9720614,3862443,chem,other,none,5.00,0.50,1,子图 MD 痛觉 内部化学连接
9720614,8412625,chem,other,none,5.00,0.50,4,子图 MD 痛觉 内部化学连接
9720614,8826198,chem,other,none,5.00,0.50,6,子图 MD 痛觉 内部化学连接
9720614,9720614,chem,other,none,5.00,0.50,2,子图 MD 痛觉 内部化学连接
9753418,5691934,chem,other,none,5.00,0.50,4,子图 MD 痛觉 内部化学连接
9753418,5769582,chem,other,none,5.00,0.50,7,子图 MD 痛觉 内部化学连接
9753418,8826198,chem,other,none,5.00,0.50,6,子图 MD 痛觉 内部化学连接
9753418,15514582,chem,other,none,5.00,0.50,3,子图 MD 痛觉 内部化学连接
9753418,17854345,chem,other,none,5.00,0.50,1,子图 MD 痛觉 内部化学连接
9753418,17913199,chem,other,none,5.00,0.50,1,子图 MD 痛觉 内部化学连接
10079731,11361875,chem,other,none,5.00,0.50,1,子图 MD 痛觉 内部化学连接
10198121,8970595,chem,other,none,5.00,0.50,1,子图 MD 痛觉 内部化学连接
10198121,9051500,chem,other,none,5.00,0.50,1,子图 MD 痛觉 内部化学连接
10198121,16356967,chem,other,none,5.00,0.50,4,子图 MD 痛觉 内部化学连接
10198121,17326218,chem,other,none,5.00,0.50,8,子图 MD 痛觉 内部化学连接
10198121,18655517,chem,other,none,5.00,0.50,1,子图 MD 痛觉 内部化学连接
10198121,21250110,chem,other,none,5.00,0.50,1,子图 MD 痛觉 内部化学连接
10229852,13743125,chem,other,none,5.00,0.50,2,子图 MD 痛觉 内部化学连接
10229852,16561284,chem,other,none,5.00,0.50,3,子图 MD 痛觉 内部化学连接
10229852,17173922,chem,other,none,5.00,0.50,1,子图 MD 痛觉 内部化学连接
10319019,4664256,chem,other,none,5.00,0.50,3,子图 MD 痛觉 内部化学连接
10319019,6723364,chem,other,none,5.00,0.50,4,子图 MD 痛觉 内部化学连接
10319019,15514582,chem,other,none,5.00,0.50,5,子图 MD 痛觉 内部化学连接
10319019,16541149,chem,other,none,5.00,0.50,1,子图 MD 痛觉 内部化学连接
10319019,18058644,chem,other,none,5.00,0.50,1,子图 MD 痛觉 内部化学连接
10319019,20443598,chem,other,none,5.00,0.50,1,子图 MD 痛觉 内部化学连接
10893103,8412625,chem,other,none,5.00,0.50,4,子图 MD 痛觉 内部化学连接
10982951,3862443,chem,other,none,5.00,0.50,2,子图 MD 痛觉 内部化学连接
10982951,5691934,chem,other,none,5.00,0.50,3,子图 MD 痛觉 内部化学连接
10982951,5750884,chem,other,none,5.00,0.50,2,子图 MD 痛觉 内部化学连接
10982951,5762666,chem,other,none,5.00,0.50,1,子图 MD 痛觉 内部化学连接
10982951,6633635,chem,other,none,5.00,0.50,2,子图 MD 痛觉 内部化学连接
10982951,7719118,chem,other,none,5.00,0.50,1,子图 MD 痛觉 内部化学连接
10982951,8229118,chem,other,none,5.00,0.50,3,子图 MD 痛觉 内部化学连接
10982951,9241349,chem,other,none,5.00,0.50,2,子图 MD 痛觉 内部化学连接
10982951,9530532,chem,other,none,5.00,0.50,1,子图 MD 痛觉 内部化学连接
10982951,9621307,chem,other,none,5.00,0.50,1,子图 MD 痛觉 内部化学连接
10982951,9720614,chem,other,none,5.00,0.50,5,子图 MD 痛觉 内部化学连接
10982951,10893103,chem,other,none,5.00,0.50,2,子图 MD 痛觉 内部化学连接
10982951,12325227,chem,other,none,5.00,0.50,1,子图 MD 痛觉 内部化学连接
10982951,16594752,chem,other,none,5.00,0.50,2,子图 MD 痛觉 内部化学连接
10982951,20443420,chem,other,none,5.00,0.50,3,子图 MD 痛觉 内部化学连接
11003551,11003551,chem,other,none,5.00,0.50,1,子图 MD 痛觉 内部化学连接
11003551,13743125,chem,other,none,5.00,0.50,1,子图 MD 痛觉 内部化学连接
11003551,17854345,chem,other,none,5.00,0.50,1,子图 MD 痛觉 内部化学连接
11037238,7719118,chem,other,none,5.00,0.50,1,子图 MD 痛觉 内部化学连接
11037238,9720614,chem,other,none,5.00,0.50,3,子图 MD 痛觉 内部化学连接
11037238,9753418,chem,other,none,5.00,0.50,1,子图 MD 痛觉 内部化学连接
11037238,11291653,chem,other,none,5.00,0.50,1,子图 MD 痛觉 内部化学连接
11037238,16541149,chem,other,none,5.00,0.50,4,子图 MD 痛觉 内部化学连接
11263687,2881070,chem,other,none,5.00,0.50,3,子图 MD 痛觉 内部化学连接
11263687,3862443,chem,other,none,5.00,0.50,1,子图 MD 痛觉 内部化学连接
11263687,5691934,chem,other,none,5.00,0.50,1,子图 MD 痛觉 内部化学连接
11263687,5744058,chem,other,none,5.00,0.50,1,子图 MD 痛觉 内部化学连接
11263687,5750884,chem,other,none,5.00,0.50,1,子图 MD 痛觉 内部化学连接
11263687,6692908,chem,other,none,5.00,0.50,1,子图 MD 痛觉 内部化学连接
11263687,8805777,chem,other,none,5.00,0.50,3,子图 MD 痛觉 内部化学连接
11263687,8970595,chem,other,none,5.00,0.50,2,子图 MD 痛觉 内部化学连接
11263687,9241349,chem,other,none,5.00,0.50,5,子图 MD 痛觉 内部化学连接
11263687,9507904,chem,other,none,5.00,0.50,1,子图 MD 痛觉 内部化学连接
11263687,9530532,chem,other,none,5.00,0.50,8,子图 MD 痛觉 内部化学连接
11263687,9621307,chem,other,none,5.00,0.50,1,子图 MD 痛觉 内部化学连接
11263687,10893103,chem,other,none,5.00,0.50,2,子图 MD 痛觉 内部化学连接
11263687,11263687,chem,other,none,5.00,0.50,1,子图 MD 痛觉 内部化学连接
11263687,12325227,chem,other,none,5.00,0.50,2,子图 MD 痛觉 内部化学连接
11263687,14338439,chem,other,none,5.00,0.50,1,子图 MD 痛觉 内部化学连接
11263687,16594752,chem,other,none,5.00,0.50,6,子图 MD 痛觉 内部化学连接
11263687,17360254,chem,other,none,5.00,0.50,1,子图 MD 痛觉 内部化学连接
11263687,20343986,chem,other,none,5.00,0.50,4,子图 MD 痛觉 内部化学连接
11291653,8412625,chem,other,none,5.00,0.50,3,子图 MD 痛觉 内部化学连接
11291653,10893103,chem,other,none,5.00,0.50,2,子图 MD 痛觉 内部化学连接
11291653,11037238,chem,other,none,5.00,0.50,1,子图 MD 痛觉 内部化学连接
11291653,20730780,chem,other,none,5.00,0.50,1,子图 MD 痛觉 内部化学连接
11361875,11003551,chem,other,none,5.00,0.50,5,子图 MD 痛觉 内部化学连接
11361875,11361875,chem,other,none,5.00,0.50,1,子图 MD 痛觉 内部化学连接
11361875,13743125,chem,other,none,5.00,0.50,2,子图 MD 痛觉 内部化学连接
11361875,16561284,chem,other,none,5.00,0.50,9,子图 MD 痛觉 内部化学连接
11361875,17173922,chem,other,none,5.00,0.50,3,子图 MD 痛觉 内部化学连接
11361875,17854345,chem,other,none,5.00,0.50,6,子图 MD 痛觉 内部化学连接
12195879,6723364,chem,other,none,5.00,0.50,2,子图 MD 痛觉 内部化学连接
12195879,9051500,chem,other,none,5.00,0.50,2,子图 MD 痛觉 内部化学连接
12195879,10079731,chem,other,none,5.00,0.50,4,子图 MD 痛觉 内部化学连接
12195879,10198121,chem,other,none,5.00,0.50,2,子图 MD 痛觉 内部化学连接
12195879,10319019,chem,other,none,5.00,0.50,5,子图 MD 痛觉 内部化学连接
12195879,16356967,chem,other,none,5.00,0.50,9,子图 MD 痛觉 内部化学连接
12195879,16541149,chem,other,none,5.00,0.50,1,子图 MD 痛觉 内部化学连接
12195879,16594752,chem,other,none,5.00,0.50,1,子图 MD 痛觉 内部化学连接
12195879,17108278,chem,other,none,5.00,0.50,1,子图 MD 痛觉 内部化学连接
12195879,17326218,chem,other,none,5.00,0.50,1,子图 MD 痛觉 内部化学连接
12195879,20443598,chem,other,none,5.00,0.50,1,子图 MD 痛觉 内部化学连接
12273754,1042538,chem,other,none,5.00,0.50,1,子图 MD 痛觉 内部化学连接
12273754,2511238,chem,other,none,5.00,0.50,1,子图 MD 痛觉 内部化学连接
12273754,2881070,chem,other,none,5.00,0.50,3,子图 MD 痛觉 内部化学连接
12273754,8229118,chem,other,none,5.00,0.50,1,子图 MD 痛觉 内部化学连接
12273754,8805777,chem,other,none,5.00,0.50,1,子图 MD 痛觉 内部化学连接
12273754,8821758,chem,other,none,5.00,0.50,2,子图 MD 痛觉 内部化学连接
12273754,8939384,chem,other,none,5.00,0.50,1,子图 MD 痛觉 内部化学连接
12273754,8970595,chem,other,none,5.00,0.50,3,子图 MD 痛觉 内部化学连接
12273754,9161929,chem,other,none,5.00,0.50,1,子图 MD 痛觉 内部化学连接
12273754,9507904,chem,other,none,5.00,0.50,1,子图 MD 痛觉 内部化学连接
12273754,9530532,chem,other,none,5.00,0.50,1,子图 MD 痛觉 内部化学连接
12273754,9621307,chem,other,none,5.00,0.50,2,子图 MD 痛觉 内部化学连接
12273754,9637388,chem,other,none,5.00,0.50,7,子图 MD 痛觉 内部化学连接
12273754,9720614,chem,other,none,5.00,0.50,2,子图 MD 痛觉 内部化学连接
12273754,12273754,chem,other,none,5.00,0.50,1,子图 MD 痛觉 内部化学连接
12273754,12325227,chem,other,none,5.00,0.50,1,子图 MD 痛觉 内部化学连接
12273754,14338439,chem,other,none,5.00,0.50,4,子图 MD 痛觉 内部化学连接
12273754,17105977,chem,other,none,5.00,0.50,2,子图 MD 痛觉 内部化学连接
12273754,17654624,chem,other,none,5.00,0.50,3,子图 MD 痛觉 内部化学连接
12273754,18058644,chem,other,none,5.00,0.50,3,子图 MD 痛觉 内部化学连接
12325227,4128002,chem,other,none,5.00,0.50,1,子图 MD 痛觉 内部化学连接
12325227,12300089,chem,other,none,5.00,0.50,3,子图 MD 痛觉 内部化学连接
12325227,17927604,chem,other,none,5.00,0.50,8,子图 MD 痛觉 内部化学连接
12667895,4664256,chem,other,none,5.00,0.50,2,子图 MD 痛觉 内部化学连接
12667895,4680995,chem,other,none,5.00,0.50,5,子图 MD 痛觉 内部化学连接
12667895,9640873,chem,other,none,5.00,0.50,1,子图 MD 痛觉 内部化学连接
12667895,12300089,chem,other,none,5.00,0.50,3,子图 MD 痛觉 内部化学连接
12667895,12667895,chem,other,none,5.00,0.50,1,子图 MD 痛觉 内部化学连接
12667895,14493841,chem,other,none,5.00,0.50,1,子图 MD 痛觉 内部化学连接
13743125,13743125,chem,other,none,5.00,0.50,1,子图 MD 痛觉 内部化学连接
13743125,14493841,chem,other,none,5.00,0.50,2,子图 MD 痛觉 内部化学连接
13743125,16561284,chem,other,none,5.00,0.50,1,子图 MD 痛觉 内部化学连接
13743125,17173922,chem,other,none,5.00,0.50,1,子图 MD 痛觉 内部化学连接
13743125,17854345,chem,other,none,5.00,0.50,4,子图 MD 痛觉 内部化学连接
13743125,17913199,chem,other,none,5.00,0.50,7,子图 MD 痛觉 内部化学连接
14077615,4103336,chem,other,none,5.00,0.50,2,子图 MD 痛觉 内部化学连接
14077615,14077615,chem,other,none,5.00,0.50,1,子图 MD 痛觉 内部化学连接
14338439,5691934,chem,other,none,5.00,0.50,2,子图 MD 痛觉 内部化学连接
14338439,5750884,chem,other,none,5.00,0.50,1,子图 MD 痛觉 内部化学连接
14338439,5762666,chem,other,none,5.00,0.50,2,子图 MD 痛觉 内部化学连接
14338439,9637388,chem,other,none,5.00,0.50,1,子图 MD 痛觉 内部化学连接
14338439,11037238,chem,other,none,5.00,0.50,1,子图 MD 痛觉 内部化学连接
14338439,11291653,chem,other,none,5.00,0.50,3,子图 MD 痛觉 内部化学连接
14338439,12273754,chem,other,none,5.00,0.50,1,子图 MD 痛觉 内部化学连接
14338439,12325227,chem,other,none,5.00,0.50,2,子图 MD 痛觉 内部化学连接
14338439,17165621,chem,other,none,5.00,0.50,3,子图 MD 痛觉 内部化学连接
14338439,17729088,chem,other,none,5.00,0.50,1,子图 MD 痛觉 内部化学连接
14338439,20343986,chem,other,none,5.00,0.50,2,子图 MD 痛觉 内部化学连接
14338439,20730780,chem,other,none,5.00,0.50,2,子图 MD 痛觉 内部化学连接
14493841,13743125,chem,other,none,5.00,0.50,2,子图 MD 痛觉 内部化学连接
14493841,16561284,chem,other,none,5.00,0.50,8,子图 MD 痛觉 内部化学连接
14493841,17173922,chem,other,none,5.00,0.50,3,子图 MD 痛觉 内部化学连接
14493841,17854345,chem,other,none,5.00,0.50,2,子图 MD 痛觉 内部化学连接
15514582,4664256,chem,other,none,5.00,0.50,1,子图 MD 痛觉 内部化学连接
15514582,5769582,chem,other,none,5.00,0.50,1,子图 MD 痛觉 内部化学连接
15514582,6723364,chem,other,none,5.00,0.50,1,子图 MD 痛觉 内部化学连接
15514582,14493841,chem,other,none,5.00,0.50,1,子图 MD 痛觉 内部化学连接
15514582,17854345,chem,other,none,5.00,0.50,5,子图 MD 痛觉 内部化学连接
15514582,17913199,chem,other,none,5.00,0.50,2,子图 MD 痛觉 内部化学连接
16347283,11003551,chem,other,none,5.00,0.50,2,子图 MD 痛觉 内部化学连接
16347283,11361875,chem,other,none,5.00,0.50,1,子图 MD 痛觉 内部化学连接
16347283,16347283,chem,other,none,5.00,0.50,1,子图 MD 痛觉 内部化学连接
16347283,16561284,chem,other,none,5.00,0.50,4,子图 MD 痛觉 内部化学连接
16347283,17173922,chem,other,none,5.00,0.50,3,子图 MD 痛觉 内部化学连接
16356967,8826198,chem,other,none,5.00,0.50,6,子图 MD 痛觉 内部化学连接
16356967,9051500,chem,other,none,5.00,0.50,1,子图 MD 痛觉 内部化学连接
16356967,9753418,chem,other,none,5.00,0.50,5,子图 MD 痛觉 内部化学连接
16356967,10079731,chem,other,none,5.00,0.50,2,子图 MD 痛觉 内部化学连接
16356967,10198121,chem,other,none,5.00,0.50,8,子图 MD 痛觉 内部化学连接
16356967,10319019,chem,other,none,5.00,0.50,1,子图 MD 痛觉 内部化学连接
16356967,12195879,chem,other,none,5.00,0.50,3,子图 MD 痛觉 内部化学连接
16356967,16356967,chem,other,none,5.00,0.50,1,子图 MD 痛觉 内部化学连接
16356967,17326218,chem,other,none,5.00,0.50,6,子图 MD 痛觉 内部化学连接
16356967,20443420,chem,other,none,5.00,0.50,1,子图 MD 痛觉 内部化学连接
16356967,20443598,chem,other,none,5.00,0.50,1,子图 MD 痛觉 内部化学连接
16485518,6633635,chem,other,none,5.00,0.50,2,子图 MD 痛觉 内部化学连接
16485518,9422291,chem,other,none,5.00,0.50,1,子图 MD 痛觉 内部化学连接
16485518,11037238,chem,other,none,5.00,0.50,9,子图 MD 痛觉 内部化学连接
16490014,1690576,chem,other,none,5.00,0.50,1,子图 MD 痛觉 内部化学连接
16490014,5691934,chem,other,none,5.00,0.50,3,子图 MD 痛觉 内部化学连接
16490014,12325227,chem,other,none,5.00,0.50,2,子图 MD 痛觉 内部化学连接
16490014,16594752,chem,other,none,5.00,0.50,1,子图 MD 痛觉 内部化学连接
16490014,17360254,chem,other,none,5.00,0.50,6,子图 MD 痛觉 内部化学连接
16490014,17729088,chem,other,none,5.00,0.50,5,子图 MD 痛觉 内部化学连接
16490014,17729424,chem,other,none,5.00,0.50,1,子图 MD 痛觉 内部化学连接
16490014,21220994,chem,other,none,5.00,0.50,1,子图 MD 痛觉 内部化学连接
16541149,11003551,chem,other,none,5.00,0.50,4,子图 MD 痛觉 内部化学连接
16541149,16541149,chem,other,none,5.00,0.50,1,子图 MD 痛觉 内部化学连接
16561284,16561284,chem,other,none,5.00,0.50,1,子图 MD 痛觉 内部化学连接
16594752,2881070,chem,other,none,5.00,0.50,3,子图 MD 痛觉 内部化学连接
16594752,4664256,chem,other,none,5.00,0.50,2,子图 MD 痛觉 内部化学连接
16594752,5744058,chem,other,none,5.00,0.50,2,子图 MD 痛觉 内部化学连接
16594752,8805777,chem,other,none,5.00,0.50,1,子图 MD 痛觉 内部化学连接
16594752,8821758,chem,other,none,5.00,0.50,1,子图 MD 痛觉 内部化学连接
16594752,8939384,chem,other,none,5.00,0.50,1,子图 MD 痛觉 内部化学连接
16594752,9507904,chem,other,none,5.00,0.50,8,子图 MD 痛觉 内部化学连接
16594752,9530532,chem,other,none,5.00,0.50,2,子图 MD 痛觉 内部化学连接
16594752,9621307,chem,other,none,5.00,0.50,3,子图 MD 痛觉 内部化学连接
16594752,10079731,chem,other,none,5.00,0.50,1,子图 MD 痛觉 内部化学连接
16594752,10893103,chem,other,none,5.00,0.50,1,子图 MD 痛觉 内部化学连接
16594752,14338439,chem,other,none,5.00,0.50,3,子图 MD 痛觉 内部化学连接
16594752,17729410,chem,other,none,5.00,0.50,1,子图 MD 痛觉 内部化学连接
16594752,20343986,chem,other,none,5.00,0.50,10,子图 MD 痛觉 内部化学连接
16594752,20443598,chem,other,none,5.00,0.50,5,子图 MD 痛觉 内部化学连接
16594752,21220994,chem,other,none,5.00,0.50,2,子图 MD 痛觉 内部化学连接
17105977,8697453,chem,other,none,5.00,0.50,1,子图 MD 痛觉 内部化学连接
17105977,16490014,chem,other,none,5.00,0.50,1,子图 MD 痛觉 内部化学连接
17105977,16541149,chem,other,none,5.00,0.50,1,子图 MD 痛觉 内部化学连接
17105977,16594752,chem,other,none,5.00,0.50,2,子图 MD 痛觉 内部化学连接
17105977,18058644,chem,other,none,5.00,0.50,3,子图 MD 痛觉 内部化学连接
17105977,20343986,chem,other,none,5.00,0.50,1,子图 MD 痛觉 内部化学连接
17108278,17173922,chem,other,none,5.00,0.50,1,子图 MD 痛觉 内部化学连接
17165621,6692908,chem,other,none,5.00,0.50,1,子图 MD 痛觉 内部化学连接
17165621,8229118,chem,other,none,5.00,0.50,7,子图 MD 痛觉 内部化学连接
17165621,21220994,chem,other,none,5.00,0.50,3,子图 MD 痛觉 内部化学连接
17173922,17108278,chem,other,none,5.00,0.50,2,子图 MD 痛觉 内部化学连接
17326218,8826198,chem,other,none,5.00,0.50,2,子图 MD 痛觉 内部化学连接
17326218,9753418,chem,other,none,5.00,0.50,10,子图 MD 痛觉 内部化学连接
17326218,10198121,chem,other,none,5.00,0.50,6,子图 MD 痛觉 内部化学连接
17326218,16356967,chem,other,none,5.00,0.50,2,子图 MD 痛觉 内部化学连接
17360254,1042538,chem,other,none,5.00,0.50,2,子图 MD 痛觉 内部化学连接
17360254,1690576,chem,other,none,5.00,0.50,1,子图 MD 痛觉 内部化学连接
17360254,5762666,chem,other,none,5.00,0.50,1,子图 MD 痛觉 内部化学连接
17360254,6692908,chem,other,none,5.00,0.50,3,子图 MD 痛觉 内部化学连接
17360254,7719118,chem,other,none,5.00,0.50,1,子图 MD 痛觉 内部化学连接
17360254,8412625,chem,other,none,5.00,0.50,1,子图 MD 痛觉 内部化学连接
17360254,8697453,chem,other,none,5.00,0.50,1,子图 MD 痛觉 内部化学连接
17360254,8805777,chem,other,none,5.00,0.50,3,子图 MD 痛觉 内部化学连接
17360254,8821758,chem,other,none,5.00,0.50,1,子图 MD 痛觉 内部化学连接
17360254,8970595,chem,other,none,5.00,0.50,1,子图 MD 痛觉 内部化学连接
17360254,9202326,chem,other,none,5.00,0.50,9,子图 MD 痛觉 内部化学连接
17360254,9241349,chem,other,none,5.00,0.50,2,子图 MD 痛觉 内部化学连接
17360254,9530532,chem,other,none,5.00,0.50,1,子图 MD 痛觉 内部化学连接
17360254,9621307,chem,other,none,5.00,0.50,1,子图 MD 痛觉 内部化学连接
17360254,9720614,chem,other,none,5.00,0.50,1,子图 MD 痛觉 内部化学连接
17360254,10893103,chem,other,none,5.00,0.50,1,子图 MD 痛觉 内部化学连接
17360254,10982951,chem,other,none,5.00,0.50,1,子图 MD 痛觉 内部化学连接
17360254,14338439,chem,other,none,5.00,0.50,3,子图 MD 痛觉 内部化学连接
17360254,16490014,chem,other,none,5.00,0.50,1,子图 MD 痛觉 内部化学连接
17360254,16541149,chem,other,none,5.00,0.50,3,子图 MD 痛觉 内部化学连接
17360254,16594752,chem,other,none,5.00,0.50,1,子图 MD 痛觉 内部化学连接
17360254,17108278,chem,other,none,5.00,0.50,2,子图 MD 痛觉 内部化学连接
17360254,17360254,chem,other,none,5.00,0.50,1,子图 MD 痛觉 内部化学连接
17360254,17654624,chem,other,none,5.00,0.50,4,子图 MD 痛觉 内部化学连接
17360254,17729088,chem,other,none,5.00,0.50,6,子图 MD 痛觉 内部化学连接
17360254,17729410,chem,other,none,5.00,0.50,1,子图 MD 痛觉 内部化学连接
17360254,17729424,chem,other,none,5.00,0.50,1,子图 MD 痛觉 内部化学连接
17360254,18655517,chem,other,none,5.00,0.50,2,子图 MD 痛觉 内部化学连接
17425996,8826198,chem,other,none,5.00,0.50,1,子图 MD 痛觉 内部化学连接
17425996,9753418,chem,other,none,5.00,0.50,2,子图 MD 痛觉 内部化学连接
17425996,17326218,chem,other,none,5.00,0.50,1,子图 MD 痛觉 内部化学连接
17425996,17425996,chem,other,none,5.00,0.50,1,子图 MD 痛觉 内部化学连接
17425996,17756162,chem,other,none,5.00,0.50,1,子图 MD 痛觉 内部化学连接
17425996,17806341,chem,other,none,5.00,0.50,1,子图 MD 痛觉 内部化学连接
17654624,2881070,chem,other,none,5.00,0.50,2,子图 MD 痛觉 内部化学连接
17654624,4128002,chem,other,none,5.00,0.50,1,子图 MD 痛觉 内部化学连接
17654624,6692908,chem,other,none,5.00,0.50,1,子图 MD 痛觉 内部化学连接
17654624,8412625,chem,other,none,5.00,0.50,1,子图 MD 痛觉 内部化学连接
17654624,8697453,chem,other,none,5.00,0.50,1,子图 MD 痛觉 内部化学连接
17654624,8805777,chem,other,none,5.00,0.50,1,子图 MD 痛觉 内部化学连接
17654624,8821758,chem,other,none,5.00,0.50,2,子图 MD 痛觉 内部化学连接
17654624,8939384,chem,other,none,5.00,0.50,7,子图 MD 痛觉 内部化学连接
17654624,8970595,chem,other,none,5.00,0.50,6,子图 MD 痛觉 内部化学连接
17654624,9530532,chem,other,none,5.00,0.50,1,子图 MD 痛觉 内部化学连接
17654624,9621307,chem,other,none,5.00,0.50,2,子图 MD 痛觉 内部化学连接
17654624,9637388,chem,other,none,5.00,0.50,7,子图 MD 痛觉 内部化学连接
17654624,10982951,chem,other,none,5.00,0.50,1,子图 MD 痛觉 内部化学连接
17654624,12273754,chem,other,none,5.00,0.50,3,子图 MD 痛觉 内部化学连接
17654624,14338439,chem,other,none,5.00,0.50,1,子图 MD 痛觉 内部化学连接
17654624,18058644,chem,other,none,5.00,0.50,3,子图 MD 痛觉 内部化学连接
17654624,18655517,chem,other,none,5.00,0.50,1,子图 MD 痛觉 内部化学连接
17654624,18656202,chem,other,none,5.00,0.50,1,子图 MD 痛觉 内部化学连接
17654624,20343986,chem,other,none,5.00,0.50,1,子图 MD 痛觉 内部化学连接
17729088,4680995,chem,other,none,5.00,0.50,1,子图 MD 痛觉 内部化学连接
17729088,5750884,chem,other,none,5.00,0.50,3,子图 MD 痛觉 内部化学连接
17729088,7719118,chem,other,none,5.00,0.50,13,子图 MD 痛觉 内部化学连接
17729088,8229118,chem,other,none,5.00,0.50,6,子图 MD 痛觉 内部化学连接
17729088,8412625,chem,other,none,5.00,0.50,3,子图 MD 痛觉 内部化学连接
17729088,8805777,chem,other,none,5.00,0.50,1,子图 MD 痛觉 内部化学连接
17729088,9202326,chem,other,none,5.00,0.50,6,子图 MD 痛觉 内部化学连接
17729088,9422291,chem,other,none,5.00,0.50,21,子图 MD 痛觉 内部化学连接
17729088,11037238,chem,other,none,5.00,0.50,8,子图 MD 痛觉 内部化学连接
17729088,17165621,chem,other,none,5.00,0.50,9,子图 MD 痛觉 内部化学连接
17729088,20443420,chem,other,none,5.00,0.50,2,子图 MD 痛觉 内部化学连接
17729088,21220994,chem,other,none,5.00,0.50,2,子图 MD 痛觉 内部化学连接
17729410,5691934,chem,other,none,5.00,0.50,1,子图 MD 痛觉 内部化学连接
17729410,10982951,chem,other,none,5.00,0.50,1,子图 MD 痛觉 内部化学连接
17729410,14338439,chem,other,none,5.00,0.50,1,子图 MD 痛觉 内部化学连接
17729410,16485518,chem,other,none,5.00,0.50,2,子图 MD 痛觉 内部化学连接
17729410,16490014,chem,other,none,5.00,0.50,1,子图 MD 痛觉 内部化学连接
17729410,16594752,chem,other,none,5.00,0.50,7,子图 MD 痛觉 内部化学连接
17729410,17360254,chem,other,none,5.00,0.50,1,子图 MD 痛觉 内部化学连接
17729410,17729424,chem,other,none,5.00,0.50,1,子图 MD 痛觉 内部化学连接
17729410,20343986,chem,other,none,5.00,0.50,1,子图 MD 痛觉 内部化学连接
17729410,21220994,chem,other,none,5.00,0.50,1,子图 MD 痛觉 内部化学连接
17729424,5691934,chem,other,none,5.00,0.50,1,子图 MD 痛觉 内部化学连接
17729424,9530532,chem,other,none,5.00,0.50,1,子图 MD 痛觉 内部化学连接
17729424,14338439,chem,other,none,5.00,0.50,3,子图 MD 痛觉 内部化学连接
17729424,16594752,chem,other,none,5.00,0.50,8,子图 MD 痛觉 内部化学连接
17729424,17729410,chem,other,none,5.00,0.50,1,子图 MD 痛觉 内部化学连接
17729424,20343986,chem,other,none,5.00,0.50,2,子图 MD 痛觉 内部化学连接
17777259,3862443,chem,other,none,5.00,0.50,11,子图 MD 痛觉 内部化学连接
17777259,5691934,chem,other,none,5.00,0.50,5,子图 MD 痛觉 内部化学连接
17777259,5750884,chem,other,none,5.00,0.50,2,子图 MD 痛觉 内部化学连接
17777259,7719118,chem,other,none,5.00,0.50,5,子图 MD 痛觉 内部化学连接
17777259,8697453,chem,other,none,5.00,0.50,1,子图 MD 痛觉 内部化学连接
17777259,9202326,chem,other,none,5.00,0.50,3,子图 MD 痛觉 内部化学连接
17777259,9422291,chem,other,none,5.00,0.50,3,子图 MD 痛觉 内部化学连接
17777259,16541149,chem,other,none,5.00,0.50,1,子图 MD 痛觉 内部化学连接
17777259,17777259,chem,other,none,5.00,0.50,2,子图 MD 痛觉 内部化学连接
17777259,20443420,chem,other,none,5.00,0.50,3,子图 MD 痛觉 内部化学连接
17777259,20730780,chem,other,none,5.00,0.50,1,子图 MD 痛觉 内部化学连接
17777259,21220994,chem,other,none,5.00,0.50,1,子图 MD 痛觉 内部化学连接
17806341,4680995,chem,other,none,5.00,0.50,15,子图 MD 痛觉 内部化学连接
17806341,5762666,chem,other,none,5.00,0.50,21,子图 MD 痛觉 内部化学连接
17806341,5769582,chem,other,none,5.00,0.50,12,子图 MD 痛觉 内部化学连接
17806341,7719118,chem,other,none,5.00,0.50,2,子图 MD 痛觉 内部化学连接
17806341,9640873,chem,other,none,5.00,0.50,1,子图 MD 痛觉 内部化学连接
17806341,9753418,chem,other,none,5.00,0.50,7,子图 MD 痛觉 内部化学连接
17806341,11037238,chem,other,none,5.00,0.50,7,子图 MD 痛觉 内部化学连接
17806341,16541149,chem,other,none,5.00,0.50,2,子图 MD 痛觉 内部化学连接
17806341,17105977,chem,other,none,5.00,0.50,6,子图 MD 痛觉 内部化学连接
17806341,17425996,chem,other,none,5.00,0.50,1,子图 MD 痛觉 内部化学连接
17806341,17729088,chem,other,none,5.00,0.50,1,子图 MD 痛觉 内部化学连接
17806341,17756162,chem,other,none,5.00,0.50,1,子图 MD 痛觉 内部化学连接
17806341,17777259,chem,other,none,5.00,0.50,7,子图 MD 痛觉 内部化学连接
17806341,18655517,chem,other,none,5.00,0.50,1,子图 MD 痛觉 内部化学连接
17854345,11003551,chem,other,none,5.00,0.50,4,子图 MD 痛觉 内部化学连接
17854345,11361875,chem,other,none,5.00,0.50,3,子图 MD 痛觉 内部化学连接
17854345,13743125,chem,other,none,5.00,0.50,4,子图 MD 痛觉 内部化学连接
17854345,16561284,chem,other,none,5.00,0.50,2,子图 MD 痛觉 内部化学连接
17854345,17854345,chem,other,none,5.00,0.50,1,子图 MD 痛觉 内部化学连接
17913199,14077615,chem,other,none,5.00,0.50,2,子图 MD 痛觉 内部化学连接
18058644,5769582,chem,other,none,5.00,0.50,2,子图 MD 痛觉 内部化学连接
18058644,8412625,chem,other,none,5.00,0.50,2,子图 MD 痛觉 内部化学连接
18058644,8939384,chem,other,none,5.00,0.50,8,子图 MD 痛觉 内部化学连接
18655517,3862443,chem,other,none,5.00,0.50,5,子图 MD 痛觉 内部化学连接
18655517,5691934,chem,other,none,5.00,0.50,7,子图 MD 痛觉 内部化学连接
18655517,5750884,chem,other,none,5.00,0.50,1,子图 MD 痛觉 内部化学连接
18655517,8229118,chem,other,none,5.00,0.50,2,子图 MD 痛觉 内部化学连接
18655517,8939384,chem,other,none,5.00,0.50,5,子图 MD 痛觉 内部化学连接
18655517,9530532,chem,other,none,5.00,0.50,2,子图 MD 痛觉 内部化学连接
18655517,17729088,chem,other,none,5.00,0.50,1,子图 MD 痛觉 内部化学连接
18655517,18058644,chem,other,none,5.00,0.50,2,子图 MD 痛觉 内部化学连接
18655517,18655517,chem,other,none,5.00,0.50,1,子图 MD 痛觉 内部化学连接
18655517,18656202,chem,other,none,5.00,0.50,4,子图 MD 痛觉 内部化学连接
18655517,20343986,chem,other,none,5.00,0.50,1,子图 MD 痛觉 内部化学连接
18656202,3862443,chem,other,none,5.00,0.50,7,子图 MD 痛觉 内部化学连接
18656202,5691934,chem,other,none,5.00,0.50,4,子图 MD 痛觉 内部化学连接
18656202,6692908,chem,other,none,5.00,0.50,2,子图 MD 痛觉 内部化学连接
18656202,7719118,chem,other,none,5.00,0.50,5,子图 MD 痛觉 内部化学连接
18656202,8939384,chem,other,none,5.00,0.50,4,子图 MD 痛觉 内部化学连接
18656202,9161929,chem,other,none,5.00,0.50,3,子图 MD 痛觉 内部化学连接
18656202,10982951,chem,other,none,5.00,0.50,1,子图 MD 痛觉 内部化学连接
18656202,18058644,chem,other,none,5.00,0.50,1,子图 MD 痛觉 内部化学连接
18656202,18655517,chem,other,none,5.00,0.50,4,子图 MD 痛觉 内部化学连接
18656202,20443420,chem,other,none,5.00,0.50,1,子图 MD 痛觉 内部化学连接
20343986,1690576,chem,other,none,5.00,0.50,5,子图 MD 痛觉 内部化学连接
20343986,2619565,chem,other,none,5.00,0.50,1,子图 MD 痛觉 内部化学连接
20343986,4664256,chem,other,none,5.00,0.50,2,子图 MD 痛觉 内部化学连接
20343986,5691934,chem,other,none,5.00,0.50,2,子图 MD 痛觉 内部化学连接
20343986,5750884,chem,other,none,5.00,0.50,2,子图 MD 痛觉 内部化学连接
20343986,6633635,chem,other,none,5.00,0.50,3,子图 MD 痛觉 内部化学连接
20343986,10893103,chem,other,none,5.00,0.50,5,子图 MD 痛觉 内部化学连接
20343986,10982951,chem,other,none,5.00,0.50,3,子图 MD 痛觉 内部化学连接
20343986,11037238,chem,other,none,5.00,0.50,1,子图 MD 痛觉 内部化学连接
20343986,11263687,chem,other,none,5.00,0.50,5,子图 MD 痛觉 内部化学连接
20343986,11291653,chem,other,none,5.00,0.50,1,子图 MD 痛觉 内部化学连接
20343986,12325227,chem,other,none,5.00,0.50,4,子图 MD 痛觉 内部化学连接
20343986,14338439,chem,other,none,5.00,0.50,3,子图 MD 痛觉 内部化学连接
20343986,16490014,chem,other,none,5.00,0.50,5,子图 MD 痛觉 内部化学连接
20343986,16594752,chem,other,none,5.00,0.50,1,子图 MD 痛觉 内部化学连接
20343986,17165621,chem,other,none,5.00,0.50,3,子图 MD 痛觉 内部化学连接
20343986,17360254,chem,other,none,5.00,0.50,2,子图 MD 痛觉 内部化学连接
20343986,17729088,chem,other,none,5.00,0.50,3,子图 MD 痛觉 内部化学连接
20343986,17729410,chem,other,none,5.00,0.50,2,子图 MD 痛觉 内部化学连接
20343986,17729424,chem,other,none,5.00,0.50,1,子图 MD 痛觉 内部化学连接
20343986,20730780,chem,other,none,5.00,0.50,2,子图 MD 痛觉 内部化学连接
20343986,21220994,chem,other,none,5.00,0.50,1,子图 MD 痛觉 内部化学连接
20443420,5750884,chem,other,none,5.00,0.50,2,子图 MD 痛觉 内部化学连接
20443420,6633635,chem,other,none,5.00,0.50,1,子图 MD 痛觉 内部化学连接
20443420,8229118,chem,other,none,5.00,0.50,2,子图 MD 痛觉 内部化学连接
20443420,9202326,chem,other,none,5.00,0.50,2,子图 MD 痛觉 内部化学连接
20443420,9422291,chem,other,none,5.00,0.50,1,子图 MD 痛觉 内部化学连接
20443420,10893103,chem,other,none,5.00,0.50,1,子图 MD 痛觉 内部化学连接
20443420,11037238,chem,other,none,5.00,0.50,4,子图 MD 痛觉 内部化学连接
20443420,20730780,chem,other,none,5.00,0.50,1,子图 MD 痛觉 内部化学连接
20443598,4393350,chem,other,none,5.00,0.50,1,子图 MD 痛觉 内部化学连接
20443598,6723364,chem,other,none,5.00,0.50,2,子图 MD 痛觉 内部化学连接
20443598,8970595,chem,other,none,5.00,0.50,1,子图 MD 痛觉 内部化学连接
20443598,9530532,chem,other,none,5.00,0.50,1,子图 MD 痛觉 内部化学连接
20443598,10319019,chem,other,none,5.00,0.50,1,子图 MD 痛觉 内部化学连接
20443598,13743125,chem,other,none,5.00,0.50,1,子图 MD 痛觉 内部化学连接
20443598,16356967,chem,other,none,5.00,0.50,7,子图 MD 痛觉 内部化学连接
20443598,16541149,chem,other,none,5.00,0.50,10,子图 MD 痛觉 内部化学连接
20443598,17108278,chem,other,none,5.00,0.50,4,子图 MD 痛觉 内部化学连接
20443598,17777259,chem,other,none,5.00,0.50,1,子图 MD 痛觉 内部化学连接
20730780,9202326,chem,other,none,5.00,0.50,8,子图 MD 痛觉 内部化学连接
20730780,9422291,chem,other,none,5.00,0.50,1,子图 MD 痛觉 内部化学连接
20730780,11291653,chem,other,none,5.00,0.50,1,子图 MD 痛觉 内部化学连接
20730780,18656202,chem,other,none,5.00,0.50,1,子图 MD 痛觉 内部化学连接
20730780,20443420,chem,other,none,5.00,0.50,1,子图 MD 痛觉 内部化学连接
21220994,5750884,chem,other,none,5.00,0.50,1,子图 MD 痛觉 内部化学连接
21220994,8229118,chem,other,none,5.00,0.50,5,子图 MD 痛觉 内部化学连接
21220994,9422291,chem,other,none,5.00,0.50,1,子图 MD 痛觉 内部化学连接
21220994,16594752,chem,other,none,5.00,0.50,1,子图 MD 痛觉 内部化学连接
21220994,18655517,chem,other,none,5.00,0.50,1,子图 MD 痛觉 内部化学连接
21220994,20343986,chem,other,none,5.00,0.50,2,子图 MD 痛觉 内部化学连接
21250110,4555763,chem,other,none,5.00,0.50,2,子图 MD 痛觉 内部化学连接
21250110,4680995,chem,other,none,5.00,0.50,1,子图 MD 痛觉 内部化学连接
21250110,7719118,chem,other,none,5.00,0.50,4,子图 MD 痛觉 内部化学连接
21250110,8826198,chem,other,none,5.00,0.50,5,子图 MD 痛觉 内部化学连接
21250110,8970595,chem,other,none,5.00,0.50,7,子图 MD 痛觉 内部化学连接
21250110,9637388,chem,other,none,5.00,0.50,19,子图 MD 痛觉 内部化学连接
21250110,9753418,chem,other,none,5.00,0.50,7,子图 MD 痛觉 内部化学连接
21250110,11361875,chem,other,none,5.00,0.50,2,子图 MD 痛觉 内部化学连接
21250110,17326218,chem,other,none,5.00,0.50,14,子图 MD 痛觉 内部化学连接
21250110,17425996,chem,other,none,5.00,0.50,17,子图 MD 痛觉 内部化学连接
21250110,17777259,chem,other,none,5.00,0.50,4,子图 MD 痛觉 内部化学连接
21250110,17806341,chem,other,none,5.00,0.50,2,子图 MD 痛觉 内部化学连接
21250110,18655517,chem,other,none,5.00,0.50,6,子图 MD 痛觉 内部化学连接
