seed,run_frac,turn_frac,pause_frac,curl_frac,wall_s
0,0.099166667,0.814166667,0.086666667,0.000000000,120.4
1,0.099166667,0.814166667,0.086666667,0.000000000,122.4
2,0.099166667,0.814166667,0.086666667,0.000000000,120.0
3,0.099166667,0.814166667,0.086666667,0.000000000,119.4
4,0.099166667,0.814166667,0.086666667,0.000000000,119.0
5,0.099166667,0.814166667,0.086666667,0.000000000,116.5
6,0.099166667,0.814166667,0.086666667,0.000000000,116.5
7,0.099166667,0.814166667,0.086666667,0.000000000,116.7
8,0.099166667,0.814166667,0.086666667,0.000000000,118.4
9,0.099166667,0.814166667,0.086666667,0.000000000,117.5
