rank,role,anchor_status,anchor_effect_class,n_silenced,class_silence,class_activation,hit,d_sil_fwd,d_sil_back,d_sil_turn,d_sil_pause,wall_s
1,PRE-GORO3 RIGHT,no-experiment,,7,无变化,转弯↑,,-0.004389,0.000000,0.000000,0.000000,16.6
2,AF5: SHORT-PRESYNAPTIC-D-1L,no-experiment,,15,无变化,无变化,,0.000000,0.000493,0.012500,0.000000,16.6
3,PRE PMN RIGHT,no-experiment,,6,无变化,转弯↑,,0.000000,0.000000,0.000000,0.000000,16.7
4,PRE-DORSAL-MAP PRESYNAPTIC-D-2-R LEFT,no-experiment,,13,无变化,后退↑,,0.000000,0.000000,0.000000,0.000000,16.9
5,L1: SHORT-PRESYNAPTICD-3-R,no-experiment,,14,无变化,无变化,,0.000000,-0.001640,0.000000,0.000000,16.9
6,TOMATO VINE 2_RIGHT,no-experiment,,6,无变化,转弯↑,,0.000000,0.000000,0.000000,0.000000,16.9
7,VB: DPMM1 4_RIGHT,no-experiment,,6,无变化,无变化,,-0.000053,-0.028549,-0.012500,0.000000,16.7
8,CP4 8 RIGHT,no-experiment,,10,无变化,无变化,,0.000000,0.000000,0.000000,0.000000,16.7
9,AF5: SHORT-PRESYNAPTIC-D-1R,no-experiment,,8,无变化,无变化,,-0.003824,0.000000,0.000000,0.000000,16.7
10,BLDC A00C POINTER RIGHT,no-experiment,,12,无变化,无变化,,0.000000,0.000000,0.000000,0.000000,16.7
11,LOCAL CRESCENT RIGHT,no-experiment,,8,无变化,无变化,,0.000000,0.000000,0.000000,0.000000,16.6
12,CONTRA-VINE RIGHT,no-experiment,,5,无变化,前进↑,,0.000000,0.000000,0.000000,0.000000,16.6
13,VB: DPMM1 4_LEFT,no-experiment,,7,无变化,无变化,,0.000000,-0.010632,0.000000,0.000000,16.7
14,MB2IN-162 LEFT; PDLR,no-experiment,,10,无变化,无变化,,0.000000,0.000000,0.000000,0.000000,16.6
15,BLAL HORSESHOE NEURON RIGHT,no-experiment,,3,无变化,无变化,,0.000000,0.000000,0.000000,0.000000,17.1
16,BLP34 BILATERAL 2 RIGHT,no-experiment,,3,无变化,无变化,,-0.001596,-0.001640,0.000000,0.000000,16.7
17,DALD_L  3,no-experiment,,6,无变化,无变化,,-0.012623,-0.023442,0.025000,-0.012500,16.7
18,DPM CONTRALATERAL HORSESHOE RIGHT,no-experiment,,7,无变化,无变化,,0.000000,-0.006242,0.000000,0.000000,16.6
19,BLDC POINTER RIGHT,no-experiment,,6,无变化,无变化,,0.000000,0.000000,0.000000,0.000000,16.6
20,CONTRA-VINE LEFT,no-experiment,,2,无变化,后退↑,,0.000000,0.000008,0.000000,0.000000,16.8
21,DPMM1 BRAIN DESCENDING INTO VNC RIGHT,no-experiment,,7,无变化,后退↑,,0.000000,0.000000,0.000000,0.000000,16.7
22,BLVA HOOK 1 RIGHT,no-experiment,,3,无变化,无变化,,0.000000,0.000000,0.000000,0.000000,16.7
23,TWO-HEADED COBRA LEFT,no-experiment,,2,无变化,无变化,,0.000000,0.000000,0.000000,0.000000,17.5
24,DPLL GNARLY LEFT,no-experiment,,6,无变化,无变化,,0.000000,0.000000,0.000000,0.000000,16.7
25,DPMM1 3 (OUTPUT OF MUNIN)_LEFT,no-experiment,,7,无变化,无变化,,0.000000,0.000000,0.000000,0.000000,16.8
26,ML_RIGHT,no-experiment,,6,无变化,无变化,,0.000000,0.000000,0.000000,0.000000,16.8
27,COASTER (NPF) RIGHT,no-experiment,,1,无变化,后退↑,,0.000000,0.000000,0.000000,0.000000,16.7
28,MDNB_RIGHT; PAIR 1 RIGHT,anchored,蜷缩↑/后退↑,2,无变化,后退↑,True,0.000000,0.000000,0.000000,0.000000,16.7
29,DPMM1 IPSILATERAL DESCENDING RIGHT,no-experiment,,3,无变化,转弯↑,,-0.000026,0.000000,0.000000,0.000000,16.7
30,DPLC1 DESCENDING L,no-experiment,,4,无变化,转弯↑,,0.000000,0.000000,0.000000,0.000000,16.7
31,CPF CONTRALATERAL 3 LEFT,no-experiment,,6,无变化,无变化,,0.000000,0.000000,0.000000,0.000000,16.7
32,CA ; DPMPM1 1_RIGHT,no-experiment,,2,无变化,无变化,,0.000000,0.000000,0.000000,0.000000,16.7
33,TELEPHONE-RELATED RIGHT,no-experiment,,3,无变化,无变化,,0.000000,0.000000,0.000000,0.000000,16.8
34,EV_RIGHT,no-experiment,,5,无变化,无变化,,0.000000,0.000000,0.000000,0.000000,16.8
35,130729_SFO CAND 42A-42B_OSN_IN1 LEFT,no-experiment,,6,无变化,转弯↑,,0.000000,0.000000,0.000000,0.000000,16.7
36,DPML_ANT_VEN DESCENDING RIGHT,no-experiment,,1,无变化,转弯↑,,0.000000,-0.004397,0.000000,0.000000,16.7
37,NAG RIGHT,no-experiment,,5,无变化,无变化,,0.000000,0.000000,0.000000,0.000000,16.7
38,DAMV12 MANDIBLE 2 LEFT,no-experiment,,2,无变化,无变化,,-0.001621,-0.001640,0.025000,0.000000,17.0
39,DALCM12 V AP 11 RIGHT,no-experiment,,1,无变化,无变化,,0.000000,0.000000,0.000000,0.000000,16.8
40,BLP POST VEN NEURON 1 RIGHT; BLP34 A 6,no-experiment,,4,无变化,无变化,,0.000000,0.000000,0.000000,0.000000,16.7
41,CM4-DM HORSESHOE 1 RIGHT,no-experiment,,3,无变化,无变化,,0.000000,0.000000,0.000000,0.000000,17.2
42,AF0: NEURON RIGHT,no-experiment,,5,无变化,无变化,,0.000000,0.000000,0.000000,0.000000,16.9
43,BLP34 DESCENDING 5 RIGHT,no-experiment,,5,无变化,无变化,,0.000000,0.000000,0.000000,0.000000,16.9
44,BALA12 DESCENDING 1 LEFT,no-experiment,,4,无变化,转弯↑,,0.000000,0.000000,0.000000,0.000000,16.7
45,MDNA_RIGHT; PAIR 2 RIGHT,anchored,蜷缩↑/后退↑,2,无变化,转弯↑,False,-0.000013,-0.001857,0.000000,0.000000,16.7
46,BLP34 DESCENDING 3 RIGHT,no-experiment,,1,无变化,无变化,,0.000000,0.000000,0.000000,0.000000,17.1
47,DPLAM TALON 1 LEFT,no-experiment,,0,无变化,无变化,,0.000000,0.000000,0.000000,0.000000,16.7
48,BLVP1 LOCAL A RIGHT,no-experiment,,4,无变化,无变化,,0.000000,0.000000,0.000000,0.000000,16.7
49,DPMM1 BRAIN DESCENDING INTO VNC 2 RIGHT,no-experiment,,5,无变化,转弯↑,,0.000000,0.000033,0.000000,0.000000,16.8
50,MDNB_LEFT; PAIR 2 LEFT,anchored,蜷缩↑/后退↑,1,无变化,转弯↑,False,0.000000,0.000000,0.000000,0.000000,16.7
